gene1,gene2,gene1_id,gene2_id,spearman_r,direction
g2e3,esco2,ENSDARG00000001313,ENSDARG00000014685,0.986,co-expressed
nuf2,si_dkeyp-117h8.4,ENSDARG00000034624,ENSDARG00000043004,0.985,co-expressed
kif11,kifc1,ENSDARG00000010948,ENSDARG00000001558,0.977,co-expressed
si_dkey-25o16.4,kifc1,ENSDARG00000096554,ENSDARG00000001558,0.976,co-expressed
CABZ01058261.1,kif11,ENSDARG00000099194,ENSDARG00000010948,0.976,co-expressed
rad54l,CABZ01058261.1,ENSDARG00000018623,ENSDARG00000099194,0.974,co-expressed
rad54l,kif11,ENSDARG00000018623,ENSDARG00000010948,0.974,co-expressed
rad54l,nusap1,ENSDARG00000018623,ENSDARG00000002403,0.974,co-expressed
cdk2,spdya,ENSDARG00000026577,ENSDARG00000059131,0.971,co-expressed
kifc1,nusap1,ENSDARG00000001558,ENSDARG00000002403,0.971,co-expressed
parpbp,ift27,ENSDARG00000029944,ENSDARG00000099279,0.971,co-expressed
si_dkey-25o16.4,kif11,ENSDARG00000096554,ENSDARG00000010948,0.968,co-expressed
rad54l,lin9,ENSDARG00000018623,ENSDARG00000028475,0.967,co-expressed
rtkn2a,g2e3,ENSDARG00000053558,ENSDARG00000001313,0.967,co-expressed
cep70,lin9,ENSDARG00000076965,ENSDARG00000028475,0.967,co-expressed
rad54l,kifc1,ENSDARG00000018623,ENSDARG00000001558,0.965,co-expressed
nuf2,si_ch211-126c2.4,ENSDARG00000034624,ENSDARG00000105479,0.965,co-expressed
ska1,nuf2,ENSDARG00000039354,ENSDARG00000034624,0.964,co-expressed
rtkn2a,cdk2,ENSDARG00000053558,ENSDARG00000026577,0.964,co-expressed
si_dkeyp-117h8.4,si_ch211-126c2.4,ENSDARG00000043004,ENSDARG00000105479,0.963,co-expressed
ska1,si_dkeyp-117h8.4,ENSDARG00000039354,ENSDARG00000043004,0.963,co-expressed
kif20a,parpbp,ENSDARG00000044491,ENSDARG00000029944,0.962,co-expressed
CABZ01058261.1,nusap1,ENSDARG00000099194,ENSDARG00000002403,0.962,co-expressed
zgc_103482,FO704909.1,ENSDARG00000025174,ENSDARG00000117638,0.961,co-expressed
kif11,nusap1,ENSDARG00000010948,ENSDARG00000002403,0.961,co-expressed
cep55l,ift27,ENSDARG00000102349,ENSDARG00000099279,0.961,co-expressed
rtkn2a,spdya,ENSDARG00000053558,ENSDARG00000059131,0.96,co-expressed
spdya,nuf2,ENSDARG00000059131,ENSDARG00000034624,0.959,co-expressed
ube2t,kifc1,ENSDARG00000063285,ENSDARG00000001558,0.959,co-expressed
racgap1,kifc1,ENSDARG00000015460,ENSDARG00000001558,0.959,co-expressed
kif11,lin9,ENSDARG00000010948,ENSDARG00000028475,0.958,co-expressed
rad54l,dnmt3bb.3,ENSDARG00000018623,ENSDARG00000057863,0.958,co-expressed
tacc3,kif11,ENSDARG00000005454,ENSDARG00000010948,0.958,co-expressed
ube2t,nusap1,ENSDARG00000063285,ENSDARG00000002403,0.956,co-expressed
ticrr,CABZ01058261.1,ENSDARG00000045605,ENSDARG00000099194,0.956,co-expressed
kif20a,cep55l,ENSDARG00000044491,ENSDARG00000102349,0.955,co-expressed
fancd2,nusap1,ENSDARG00000053574,ENSDARG00000002403,0.955,co-expressed
ska1,parpbp,ENSDARG00000039354,ENSDARG00000029944,0.955,co-expressed
rad54l,fancd2,ENSDARG00000018623,ENSDARG00000053574,0.955,co-expressed
CABZ01058261.1,hmmr,ENSDARG00000099194,ENSDARG00000021794,0.955,co-expressed
racgap1,nusap1,ENSDARG00000015460,ENSDARG00000002403,0.953,co-expressed
CABZ01058261.1,lin9,ENSDARG00000099194,ENSDARG00000028475,0.953,co-expressed
ift27,kifc1,ENSDARG00000099279,ENSDARG00000001558,0.953,co-expressed
g2e3,nuf2,ENSDARG00000001313,ENSDARG00000034624,0.952,co-expressed
lin9,kifc1,ENSDARG00000028475,ENSDARG00000001558,0.952,co-expressed
ska1,nusap1,ENSDARG00000039354,ENSDARG00000002403,0.95,co-expressed
tpi1a,RYR2 (1 of many),ENSDARG00000025012,ENSDARG00000098856,0.95,co-expressed
cdk2,nuf2,ENSDARG00000026577,ENSDARG00000034624,0.95,co-expressed
fancd2,lin9,ENSDARG00000053574,ENSDARG00000028475,0.95,co-expressed
esco2,nuf2,ENSDARG00000014685,ENSDARG00000034624,0.949,co-expressed
esco2,nusap1,ENSDARG00000014685,ENSDARG00000002403,0.949,co-expressed
gra,FO704909.1,ENSDARG00000078754,ENSDARG00000117638,0.949,co-expressed
fancd2,kifc1,ENSDARG00000053574,ENSDARG00000001558,0.949,co-expressed
kif20a,ift27,ENSDARG00000044491,ENSDARG00000099279,0.949,co-expressed
ska1,ift27,ENSDARG00000039354,ENSDARG00000099279,0.949,co-expressed
tacc3,si_dkey-25o16.4,ENSDARG00000005454,ENSDARG00000096554,0.947,co-expressed
mtf2,zgc_103482,ENSDARG00000005590,ENSDARG00000025174,0.947,co-expressed
si_dkey-25o16.4,racgap1,ENSDARG00000096554,ENSDARG00000015460,0.947,co-expressed
tacc3,kifc1,ENSDARG00000005454,ENSDARG00000001558,0.947,co-expressed
cdk2,atp2b1b,ENSDARG00000026577,ENSDARG00000007788,0.947,co-expressed
ube2t,kif11,ENSDARG00000063285,ENSDARG00000010948,0.947,co-expressed
tacc3,CABZ01058261.1,ENSDARG00000005454,ENSDARG00000099194,0.947,co-expressed
fancd2,dnmt3bb.3,ENSDARG00000053574,ENSDARG00000057863,0.947,co-expressed
mapre1a,fancd2,ENSDARG00000042927,ENSDARG00000053574,0.947,co-expressed
lin9,nusap1,ENSDARG00000028475,ENSDARG00000002403,0.946,co-expressed
ska1,si_ch211-126c2.4,ENSDARG00000039354,ENSDARG00000105479,0.946,co-expressed
kif11,ift27,ENSDARG00000010948,ENSDARG00000099279,0.946,co-expressed
tacc3,ift27,ENSDARG00000005454,ENSDARG00000099279,0.946,co-expressed
cdk2,si_ch211-126c2.4,ENSDARG00000026577,ENSDARG00000105479,0.946,co-expressed
kif20a,FO704909.1,ENSDARG00000044491,ENSDARG00000117638,0.946,co-expressed
dnmt3bb.3,nusap1,ENSDARG00000057863,ENSDARG00000002403,0.946,co-expressed
g2e3,cdk2,ENSDARG00000001313,ENSDARG00000026577,0.946,co-expressed
g2e3,CABZ01058261.1,ENSDARG00000001313,ENSDARG00000099194,0.946,co-expressed
CABZ01058261.1,kifc1,ENSDARG00000099194,ENSDARG00000001558,0.946,co-expressed
spdya,hmmr,ENSDARG00000059131,ENSDARG00000021794,0.944,co-expressed
spdya,si_ch211-126c2.4,ENSDARG00000059131,ENSDARG00000105479,0.944,co-expressed
hmmr,nusap1,ENSDARG00000021794,ENSDARG00000002403,0.944,co-expressed
kif11,racgap1,ENSDARG00000010948,ENSDARG00000015460,0.944,co-expressed
tacc3,ube2t,ENSDARG00000005454,ENSDARG00000063285,0.944,co-expressed
si_dkey-25o16.4,ube2t,ENSDARG00000096554,ENSDARG00000063285,0.944,co-expressed
CABZ01058261.1,esco2,ENSDARG00000099194,ENSDARG00000014685,0.943,co-expressed
lmnl3,FO704909.1,ENSDARG00000007751,ENSDARG00000117638,0.943,co-expressed
esco2,racgap1,ENSDARG00000014685,ENSDARG00000015460,0.943,co-expressed
zgc_111976,zgc_103482,ENSDARG00000059412,ENSDARG00000025174,0.942,co-expressed
si_dkey-25o16.4,mcph1,ENSDARG00000096554,ENSDARG00000058372,0.941,co-expressed
rad54l,hmmr,ENSDARG00000018623,ENSDARG00000021794,0.941,co-expressed
rad54l,si_dkey-25o16.4,ENSDARG00000018623,ENSDARG00000096554,0.941,co-expressed
kif11,mcph1,ENSDARG00000010948,ENSDARG00000058372,0.941,co-expressed
mkrn4,zgc_103482,ENSDARG00000028295,ENSDARG00000025174,0.941,co-expressed
g2e3,nusap1,ENSDARG00000001313,ENSDARG00000002403,0.941,co-expressed
dnmt3bb.3,kifc1,ENSDARG00000057863,ENSDARG00000001558,0.94,co-expressed
g2e3,racgap1,ENSDARG00000001313,ENSDARG00000015460,0.94,co-expressed
kif11,hmmr,ENSDARG00000010948,ENSDARG00000021794,0.94,co-expressed
lmnl3,rtkn2a,ENSDARG00000007751,ENSDARG00000053558,0.94,co-expressed
rtkn2a,cep70,ENSDARG00000053558,ENSDARG00000076965,0.939,co-expressed
gra,esco2,ENSDARG00000078754,ENSDARG00000014685,0.938,co-expressed
si_dkey-25o16.4,nusap1,ENSDARG00000096554,ENSDARG00000002403,0.938,co-expressed
g2e3,spdya,ENSDARG00000001313,ENSDARG00000059131,0.938,co-expressed
cspp1a,tpi1a,ENSDARG00000100236,ENSDARG00000025012,0.938,co-expressed
g2e3,hmmr,ENSDARG00000001313,ENSDARG00000021794,0.938,co-expressed
rtkn2a,esco2,ENSDARG00000053558,ENSDARG00000014685,0.938,co-expressed
g2e3,si_ch211-126c2.4,ENSDARG00000001313,ENSDARG00000105479,0.938,co-expressed
esco2,kif11,ENSDARG00000014685,ENSDARG00000010948,0.938,co-expressed
ska1,CABZ01058261.1,ENSDARG00000039354,ENSDARG00000099194,0.938,co-expressed
esco2,FO704909.1,ENSDARG00000014685,ENSDARG00000117638,0.938,co-expressed
CABZ01058261.1,fancd2,ENSDARG00000099194,ENSDARG00000053574,0.938,co-expressed
g2e3,lin9,ENSDARG00000001313,ENSDARG00000028475,0.937,co-expressed
rad54l,ube2t,ENSDARG00000018623,ENSDARG00000063285,0.937,co-expressed
g2e3,kif11,ENSDARG00000001313,ENSDARG00000010948,0.937,co-expressed
mapre1a,nusap1,ENSDARG00000042927,ENSDARG00000002403,0.937,co-expressed
nuf2,hmmr,ENSDARG00000034624,ENSDARG00000021794,0.937,co-expressed
esco2,hmmr,ENSDARG00000014685,ENSDARG00000021794,0.937,co-expressed
mcph1,kifc1,ENSDARG00000058372,ENSDARG00000001558,0.937,co-expressed
ska1,esco2,ENSDARG00000039354,ENSDARG00000014685,0.937,co-expressed
tacc3,si_dkeyp-117h8.4,ENSDARG00000005454,ENSDARG00000043004,0.936,co-expressed
mkrn4,nuf2,ENSDARG00000028295,ENSDARG00000034624,0.935,co-expressed
gra,kifc1,ENSDARG00000078754,ENSDARG00000001558,0.935,co-expressed
gra,ube2t,ENSDARG00000078754,ENSDARG00000063285,0.935,co-expressed
zgc_111976,FO704909.1,ENSDARG00000059412,ENSDARG00000117638,0.935,co-expressed
kif20a,cdk2,ENSDARG00000044491,ENSDARG00000026577,0.935,co-expressed
kif20a,cspp1a,ENSDARG00000044491,ENSDARG00000100236,0.935,co-expressed
esco2,kifc1,ENSDARG00000014685,ENSDARG00000001558,0.934,co-expressed
rad54l,racgap1,ENSDARG00000018623,ENSDARG00000015460,0.934,co-expressed
CABZ01058261.1,ube2t,ENSDARG00000099194,ENSDARG00000063285,0.934,co-expressed
esco2,fancd2,ENSDARG00000014685,ENSDARG00000053574,0.934,co-expressed
tacc3,cep55l,ENSDARG00000005454,ENSDARG00000102349,0.934,co-expressed
mtf2,esco2,ENSDARG00000005590,ENSDARG00000014685,0.934,co-expressed
esco2,zgc_103482,ENSDARG00000014685,ENSDARG00000025174,0.934,co-expressed
tacc3,si_dkey-223p19.2,ENSDARG00000005454,ENSDARG00000102926,0.933,co-expressed
spdya,si_dkeyp-117h8.4,ENSDARG00000059131,ENSDARG00000043004,0.933,co-expressed
si_dkeyp-117h8.4,hmmr,ENSDARG00000043004,ENSDARG00000021794,0.933,co-expressed
si_dkey-223p19.2,atp2b1b,ENSDARG00000102926,ENSDARG00000007788,0.933,co-expressed
mapre1a,racgap1,ENSDARG00000042927,ENSDARG00000015460,0.932,co-expressed
racgap1,fancd2,ENSDARG00000015460,ENSDARG00000053574,0.932,co-expressed
ube2t,esco2,ENSDARG00000063285,ENSDARG00000014685,0.932,co-expressed
ube2t,dnmt3bb.3,ENSDARG00000063285,ENSDARG00000057863,0.932,co-expressed
mkrn4,si_dkeyp-117h8.4,ENSDARG00000028295,ENSDARG00000043004,0.932,co-expressed
cdk2,ift27,ENSDARG00000026577,ENSDARG00000099279,0.932,co-expressed
CABZ01058261.1,si_dkeyp-117h8.4,ENSDARG00000099194,ENSDARG00000043004,0.932,co-expressed
FO704909.1,atp2b1b,ENSDARG00000117638,ENSDARG00000007788,0.932,co-expressed
rad54l,esco2,ENSDARG00000018623,ENSDARG00000014685,0.932,co-expressed
ube2t,fancd2,ENSDARG00000063285,ENSDARG00000053574,0.931,co-expressed
ska1,g2e3,ENSDARG00000039354,ENSDARG00000001313,0.931,co-expressed
ska1,kifc1,ENSDARG00000039354,ENSDARG00000001558,0.931,co-expressed
gra,si_dkey-25o16.4,ENSDARG00000078754,ENSDARG00000096554,0.931,co-expressed
rad54l,arhgap11a,ENSDARG00000018623,ENSDARG00000100019,0.931,co-expressed
esco2,si_dkeyp-117h8.4,ENSDARG00000014685,ENSDARG00000043004,0.931,co-expressed
ska1,tacc3,ENSDARG00000039354,ENSDARG00000005454,0.931,co-expressed
cep55l,FO704909.1,ENSDARG00000102349,ENSDARG00000117638,0.931,co-expressed
cep55l,rcor2,ENSDARG00000102349,ENSDARG00000008278,0.931,co-expressed
rtkn2a,lin9,ENSDARG00000053558,ENSDARG00000028475,0.931,co-expressed
parpbp,cep55l,ENSDARG00000029944,ENSDARG00000102349,0.931,co-expressed
kif20a,zgc_111976,ENSDARG00000044491,ENSDARG00000059412,0.93,co-expressed
rtkn2a,hmmr,ENSDARG00000053558,ENSDARG00000021794,0.93,co-expressed
hmmr,si_ch211-126c2.4,ENSDARG00000021794,ENSDARG00000105479,0.929,co-expressed
parpbp,cdk2,ENSDARG00000029944,ENSDARG00000026577,0.929,co-expressed
CABZ01058261.1,nuf2,ENSDARG00000099194,ENSDARG00000034624,0.929,co-expressed
si_dkey-25o16.4,ift27,ENSDARG00000096554,ENSDARG00000099279,0.929,co-expressed
cspp1a,zgc_111976,ENSDARG00000100236,ENSDARG00000059412,0.929,co-expressed
ticrr,lin9,ENSDARG00000045605,ENSDARG00000028475,0.929,co-expressed
kif11,fancd2,ENSDARG00000010948,ENSDARG00000053574,0.929,co-expressed
mkrn4,ticrr,ENSDARG00000028295,ENSDARG00000045605,0.929,co-expressed
si_dkey-25o16.4,lin9,ENSDARG00000096554,ENSDARG00000028475,0.929,co-expressed
g2e3,rad54l,ENSDARG00000001313,ENSDARG00000018623,0.929,co-expressed
g2e3,FO704909.1,ENSDARG00000001313,ENSDARG00000117638,0.929,co-expressed
cep55l,kifc1,ENSDARG00000102349,ENSDARG00000001558,0.928,co-expressed
ube2t,zgc_103482,ENSDARG00000063285,ENSDARG00000025174,0.928,co-expressed
CABZ01058261.1,si_dkey-25o16.4,ENSDARG00000099194,ENSDARG00000096554,0.928,co-expressed
kif20a,zgc_103482,ENSDARG00000044491,ENSDARG00000025174,0.928,co-expressed
cep55l,zgc_103482,ENSDARG00000102349,ENSDARG00000025174,0.928,co-expressed
ska1,mtf2,ENSDARG00000039354,ENSDARG00000005590,0.928,co-expressed
fancd2,cep70,ENSDARG00000053574,ENSDARG00000076965,0.928,co-expressed
dnmt3bb.3,lin9,ENSDARG00000057863,ENSDARG00000028475,0.928,co-expressed
gra,cep55l,ENSDARG00000078754,ENSDARG00000102349,0.928,co-expressed
ska1,hmmr,ENSDARG00000039354,ENSDARG00000021794,0.928,co-expressed
mtf2,si_ch211-126c2.4,ENSDARG00000005590,ENSDARG00000105479,0.928,co-expressed
ska1,kif11,ENSDARG00000039354,ENSDARG00000010948,0.928,co-expressed
rad54l,tacc3,ENSDARG00000018623,ENSDARG00000005454,0.928,co-expressed
racgap1,lin9,ENSDARG00000015460,ENSDARG00000028475,0.928,co-expressed
si_dkey-25o16.4,hmmr,ENSDARG00000096554,ENSDARG00000021794,0.928,co-expressed
mkrn4,si_dkey-223p19.2,ENSDARG00000028295,ENSDARG00000102926,0.927,co-expressed
g2e3,si_dkeyp-117h8.4,ENSDARG00000001313,ENSDARG00000043004,0.927,co-expressed
rad54l,mcph1,ENSDARG00000018623,ENSDARG00000058372,0.926,co-expressed
zgc_111976,rtkn2a,ENSDARG00000059412,ENSDARG00000053558,0.926,co-expressed
esco2,lin9,ENSDARG00000014685,ENSDARG00000028475,0.925,co-expressed
zgc_111976,spdya,ENSDARG00000059412,ENSDARG00000059131,0.925,co-expressed
ube2t,hmmr,ENSDARG00000063285,ENSDARG00000021794,0.925,co-expressed
tacc3,esco2,ENSDARG00000005454,ENSDARG00000014685,0.925,co-expressed
rtkn2a,FO704909.1,ENSDARG00000053558,ENSDARG00000117638,0.925,co-expressed
tacc3,zgc_103482,ENSDARG00000005454,ENSDARG00000025174,0.925,co-expressed
gra,zgc_103482,ENSDARG00000078754,ENSDARG00000025174,0.925,co-expressed
kif20a,rtkn2a,ENSDARG00000044491,ENSDARG00000053558,0.924,co-expressed
g2e3,cep70,ENSDARG00000001313,ENSDARG00000076965,0.923,co-expressed
hmmr,lin9,ENSDARG00000021794,ENSDARG00000028475,0.923,co-expressed
ticrr,fancd2,ENSDARG00000045605,ENSDARG00000053574,0.923,co-expressed
si_dkeyp-117h8.4,si_dkey-223p19.2,ENSDARG00000043004,ENSDARG00000102926,0.923,co-expressed
rtkn2a,si_dkey-25o16.4,ENSDARG00000053558,ENSDARG00000096554,0.923,co-expressed
nuf2,nusap1,ENSDARG00000034624,ENSDARG00000002403,0.923,co-expressed
nuf2,ift27,ENSDARG00000034624,ENSDARG00000099279,0.923,co-expressed
cdk2,esco2,ENSDARG00000026577,ENSDARG00000014685,0.922,co-expressed
mtf2,arhgap11a,ENSDARG00000005590,ENSDARG00000100019,0.922,co-expressed
g2e3,kifc1,ENSDARG00000001313,ENSDARG00000001558,0.922,co-expressed
parpbp,tacc3,ENSDARG00000029944,ENSDARG00000005454,0.922,co-expressed
cspp1a,slc18b1,ENSDARG00000100236,ENSDARG00000044047,0.922,co-expressed
rad54l,mapre1a,ENSDARG00000018623,ENSDARG00000042927,0.922,co-expressed
rtkn2a,nuf2,ENSDARG00000053558,ENSDARG00000034624,0.921,co-expressed
zgc_111976,cdk2,ENSDARG00000059412,ENSDARG00000026577,0.921,co-expressed
zgc_103482,ift27,ENSDARG00000025174,ENSDARG00000099279,0.92,co-expressed
nuf2,si_dkey-223p19.2,ENSDARG00000034624,ENSDARG00000102926,0.92,co-expressed
cdk2,si_dkey-25o16.4,ENSDARG00000026577,ENSDARG00000096554,0.92,co-expressed
ift27,atp2b1b,ENSDARG00000099279,ENSDARG00000007788,0.92,co-expressed
ska1,rad54l,ENSDARG00000039354,ENSDARG00000018623,0.92,co-expressed
rad54l,ticrr,ENSDARG00000018623,ENSDARG00000045605,0.92,co-expressed
cep55l,mcph1,ENSDARG00000102349,ENSDARG00000058372,0.92,co-expressed
slc18b1,si_ch211-126c2.4,ENSDARG00000044047,ENSDARG00000105479,0.92,co-expressed
esco2,si_ch211-126c2.4,ENSDARG00000014685,ENSDARG00000105479,0.92,co-expressed
CABZ01058261.1,mcph1,ENSDARG00000099194,ENSDARG00000058372,0.92,co-expressed
CABZ01058261.1,mapre1a,ENSDARG00000099194,ENSDARG00000042927,0.92,co-expressed
kif20a,si_dkey-25o16.4,ENSDARG00000044491,ENSDARG00000096554,0.92,co-expressed
mtf2,FO704909.1,ENSDARG00000005590,ENSDARG00000117638,0.919,co-expressed
ska1,spdya,ENSDARG00000039354,ENSDARG00000059131,0.919,co-expressed
gra,cep70,ENSDARG00000078754,ENSDARG00000076965,0.919,co-expressed
gra,fancd2,ENSDARG00000078754,ENSDARG00000053574,0.919,co-expressed
mapre1a,lin9,ENSDARG00000042927,ENSDARG00000028475,0.919,co-expressed
arhgap11a,dnmt3bb.3,ENSDARG00000100019,ENSDARG00000057863,0.919,co-expressed
ift27,nusap1,ENSDARG00000099279,ENSDARG00000002403,0.919,co-expressed
mkrn4,CABZ01058261.1,ENSDARG00000028295,ENSDARG00000099194,0.919,co-expressed
CABZ01058261.1,racgap1,ENSDARG00000099194,ENSDARG00000015460,0.919,co-expressed
cspp1a,zgc_103482,ENSDARG00000100236,ENSDARG00000025174,0.919,co-expressed
rtkn2a,si_ch211-126c2.4,ENSDARG00000053558,ENSDARG00000105479,0.918,co-expressed
mtf2,si_dkeyp-117h8.4,ENSDARG00000005590,ENSDARG00000043004,0.918,co-expressed
zgc_111976,atp2b1b,ENSDARG00000059412,ENSDARG00000007788,0.918,co-expressed
ticrr,kif11,ENSDARG00000045605,ENSDARG00000010948,0.917,co-expressed
mtf2,tacc3,ENSDARG00000005590,ENSDARG00000005454,0.917,co-expressed
cep70,kifc1,ENSDARG00000076965,ENSDARG00000001558,0.917,co-expressed
cdk2,si_dkeyp-117h8.4,ENSDARG00000026577,ENSDARG00000043004,0.917,co-expressed
cep55l,ube2t,ENSDARG00000102349,ENSDARG00000063285,0.917,co-expressed
si_dkey-223p19.2,si_ch211-126c2.4,ENSDARG00000102926,ENSDARG00000105479,0.917,co-expressed
mkrn4,ift27,ENSDARG00000028295,ENSDARG00000099279,0.917,co-expressed
tacc3,nusap1,ENSDARG00000005454,ENSDARG00000002403,0.917,co-expressed
mapre1a,hmmr,ENSDARG00000042927,ENSDARG00000021794,0.917,co-expressed
si_dkeyp-117h8.4,nusap1,ENSDARG00000043004,ENSDARG00000002403,0.917,co-expressed
kif20a,ska1,ENSDARG00000044491,ENSDARG00000039354,0.917,co-expressed
ska1,mapre1a,ENSDARG00000039354,ENSDARG00000042927,0.917,co-expressed
lmnl3,gra,ENSDARG00000007751,ENSDARG00000078754,0.917,co-expressed
ska1,cdk2,ENSDARG00000039354,ENSDARG00000026577,0.917,co-expressed
cspp1a,mtf2,ENSDARG00000100236,ENSDARG00000005590,0.916,co-expressed
ube2t,racgap1,ENSDARG00000063285,ENSDARG00000015460,0.916,co-expressed
parpbp,nuf2,ENSDARG00000029944,ENSDARG00000034624,0.916,co-expressed
CABZ01058261.1,si_ch211-126c2.4,ENSDARG00000099194,ENSDARG00000105479,0.916,co-expressed
ift27,FO704909.1,ENSDARG00000099279,ENSDARG00000117638,0.916,co-expressed
ift27,si_dkeyp-117h8.4,ENSDARG00000099279,ENSDARG00000043004,0.916,co-expressed
g2e3,si_dkey-25o16.4,ENSDARG00000001313,ENSDARG00000096554,0.916,co-expressed
mapre1a,kifc1,ENSDARG00000042927,ENSDARG00000001558,0.916,co-expressed
cdk2,FO704909.1,ENSDARG00000026577,ENSDARG00000117638,0.916,co-expressed
mcph1,lin9,ENSDARG00000058372,ENSDARG00000028475,0.916,co-expressed
kif11,dnmt3bb.3,ENSDARG00000010948,ENSDARG00000057863,0.916,co-expressed
si_dkey-25o16.4,esco2,ENSDARG00000096554,ENSDARG00000014685,0.916,co-expressed
rtkn2a,gra,ENSDARG00000053558,ENSDARG00000078754,0.915,co-expressed
rtkn2a,kif11,ENSDARG00000053558,ENSDARG00000010948,0.915,co-expressed
hmmr,kifc1,ENSDARG00000021794,ENSDARG00000001558,0.914,co-expressed
tacc3,FO704909.1,ENSDARG00000005454,ENSDARG00000117638,0.914,co-expressed
spdya,lin9,ENSDARG00000059131,ENSDARG00000028475,0.914,co-expressed
tacc3,racgap1,ENSDARG00000005454,ENSDARG00000015460,0.914,co-expressed
mtf2,nuf2,ENSDARG00000005590,ENSDARG00000034624,0.914,co-expressed
spdya,esco2,ENSDARG00000059131,ENSDARG00000014685,0.914,co-expressed
cep55l,si_dkey-25o16.4,ENSDARG00000102349,ENSDARG00000096554,0.914,co-expressed
kif20a,atp2b1b,ENSDARG00000044491,ENSDARG00000007788,0.914,co-expressed
esco2,ift27,ENSDARG00000014685,ENSDARG00000099279,0.914,co-expressed
rad54l,cep70,ENSDARG00000018623,ENSDARG00000076965,0.914,co-expressed
ska1,mkrn4,ENSDARG00000039354,ENSDARG00000028295,0.913,co-expressed
spdya,nusap1,ENSDARG00000059131,ENSDARG00000002403,0.913,co-expressed
mcph1,hmmr,ENSDARG00000058372,ENSDARG00000021794,0.913,co-expressed
cdk2,hmmr,ENSDARG00000026577,ENSDARG00000021794,0.913,co-expressed
esco2,cep70,ENSDARG00000014685,ENSDARG00000076965,0.913,co-expressed
parpbp,si_dkeyp-117h8.4,ENSDARG00000029944,ENSDARG00000043004,0.913,co-expressed
spdya,CABZ01058261.1,ENSDARG00000059131,ENSDARG00000099194,0.913,co-expressed
g2e3,ift27,ENSDARG00000001313,ENSDARG00000099279,0.913,co-expressed
zgc_103482,si_dkeyp-117h8.4,ENSDARG00000025174,ENSDARG00000043004,0.912,co-expressed
g2e3,tacc3,ENSDARG00000001313,ENSDARG00000005454,0.911,co-expressed
mcph1,ift27,ENSDARG00000058372,ENSDARG00000099279,0.911,co-expressed
CABZ01058261.1,ift27,ENSDARG00000099194,ENSDARG00000099279,0.911,co-expressed
parpbp,si_ch211-126c2.4,ENSDARG00000029944,ENSDARG00000105479,0.911,co-expressed
gra,dnmt3bb.3,ENSDARG00000078754,ENSDARG00000057863,0.911,co-expressed
lmnl3,si_dkey-25o16.4,ENSDARG00000007751,ENSDARG00000096554,0.911,co-expressed
g2e3,gra,ENSDARG00000001313,ENSDARG00000078754,0.911,co-expressed
parpbp,g2e3,ENSDARG00000029944,ENSDARG00000001313,0.911,co-expressed
parpbp,kif11,ENSDARG00000029944,ENSDARG00000010948,0.911,co-expressed
g2e3,zgc_103482,ENSDARG00000001313,ENSDARG00000025174,0.911,co-expressed
lmnl3,cep70,ENSDARG00000007751,ENSDARG00000076965,0.911,co-expressed
ube2t,ift27,ENSDARG00000063285,ENSDARG00000099279,0.911,co-expressed
parpbp,atp2b1b,ENSDARG00000029944,ENSDARG00000007788,0.911,co-expressed
parpbp,si_dkey-25o16.4,ENSDARG00000029944,ENSDARG00000096554,0.911,co-expressed
kif11,arhgap11a,ENSDARG00000010948,ENSDARG00000100019,0.911,co-expressed
ube2t,si_dkeyp-117h8.4,ENSDARG00000063285,ENSDARG00000043004,0.911,co-expressed
cep70,foxm1,ENSDARG00000076965,ENSDARG00000003200,0.911,co-expressed
kif20a,si_dkeyp-117h8.4,ENSDARG00000044491,ENSDARG00000043004,0.911,co-expressed
ticrr,arhgap11a,ENSDARG00000045605,ENSDARG00000100019,0.91,co-expressed
kif20a,gra,ENSDARG00000044491,ENSDARG00000078754,0.91,co-expressed
parpbp,kifc1,ENSDARG00000029944,ENSDARG00000001558,0.91,co-expressed
tacc3,mcph1,ENSDARG00000005454,ENSDARG00000058372,0.91,co-expressed
zgc_103482,nuf2,ENSDARG00000025174,ENSDARG00000034624,0.91,co-expressed
mapre1a,si_dkeyp-117h8.4,ENSDARG00000042927,ENSDARG00000043004,0.91,co-expressed
CABZ01058261.1,si_dkey-223p19.2,ENSDARG00000099194,ENSDARG00000102926,0.909,co-expressed
zgc_111976,mkrn4,ENSDARG00000059412,ENSDARG00000028295,0.909,co-expressed
kif20a,spdya,ENSDARG00000044491,ENSDARG00000059131,0.908,co-expressed
tacc3,nuf2,ENSDARG00000005454,ENSDARG00000034624,0.908,co-expressed
arhgap11a,lin9,ENSDARG00000100019,ENSDARG00000028475,0.908,co-expressed
cspp1a,FO704909.1,ENSDARG00000100236,ENSDARG00000117638,0.908,co-expressed
kif11,cep70,ENSDARG00000010948,ENSDARG00000076965,0.908,co-expressed
cdk2,kifc1,ENSDARG00000026577,ENSDARG00000001558,0.908,co-expressed
g2e3,mtf2,ENSDARG00000001313,ENSDARG00000005590,0.908,co-expressed
cdk2,lin9,ENSDARG00000026577,ENSDARG00000028475,0.907,co-expressed
cdk2,si_dkey-223p19.2,ENSDARG00000026577,ENSDARG00000102926,0.907,co-expressed
parpbp,mcph1,ENSDARG00000029944,ENSDARG00000058372,0.907,co-expressed
rad54l,ift27,ENSDARG00000018623,ENSDARG00000099279,0.907,co-expressed
mcph1,mapre1a,ENSDARG00000058372,ENSDARG00000042927,0.907,co-expressed
rtkn2a,parpbp,ENSDARG00000053558,ENSDARG00000029944,0.907,co-expressed
gra,kif11,ENSDARG00000078754,ENSDARG00000010948,0.907,co-expressed
ska1,racgap1,ENSDARG00000039354,ENSDARG00000015460,0.907,co-expressed
racgap1,dnmt3bb.3,ENSDARG00000015460,ENSDARG00000057863,0.907,co-expressed
kif20a,mtf2,ENSDARG00000044491,ENSDARG00000005590,0.907,co-expressed
racgap1,cep70,ENSDARG00000015460,ENSDARG00000076965,0.907,co-expressed
lmnl3,zgc_111976,ENSDARG00000007751,ENSDARG00000059412,0.906,co-expressed
kif20a,nuf2,ENSDARG00000044491,ENSDARG00000034624,0.905,co-expressed
rtkn2a,nusap1,ENSDARG00000053558,ENSDARG00000002403,0.905,co-expressed
cspp1a,parpbp,ENSDARG00000100236,ENSDARG00000029944,0.905,co-expressed
si_dkey-25o16.4,fancd2,ENSDARG00000096554,ENSDARG00000053574,0.905,co-expressed
g2e3,fancd2,ENSDARG00000001313,ENSDARG00000053574,0.905,co-expressed
kif20a,tacc3,ENSDARG00000044491,ENSDARG00000005454,0.905,co-expressed
ska1,ube2t,ENSDARG00000039354,ENSDARG00000063285,0.905,co-expressed
CABZ01058261.1,arhgap11a,ENSDARG00000099194,ENSDARG00000100019,0.905,co-expressed
spdya,atp2b1b,ENSDARG00000059131,ENSDARG00000007788,0.905,co-expressed
rad54l,gra,ENSDARG00000018623,ENSDARG00000078754,0.905,co-expressed
kif20a,tpi1a,ENSDARG00000044491,ENSDARG00000025012,0.905,co-expressed
fancd2,hmmr,ENSDARG00000053574,ENSDARG00000021794,0.905,co-expressed
kif20a,mcph1,ENSDARG00000044491,ENSDARG00000058372,0.904,co-expressed
lmnl3,lin9,ENSDARG00000007751,ENSDARG00000028475,0.904,co-expressed
gra,lin9,ENSDARG00000078754,ENSDARG00000028475,0.904,co-expressed
kif11,zgc_103482,ENSDARG00000010948,ENSDARG00000025174,0.904,co-expressed
cep70,dnmt3bb.3,ENSDARG00000076965,ENSDARG00000057863,0.904,co-expressed
nuf2,mapre1a,ENSDARG00000034624,ENSDARG00000042927,0.904,co-expressed
CABZ01058261.1,dnmt3bb.3,ENSDARG00000099194,ENSDARG00000057863,0.904,co-expressed
mtf2,ube2t,ENSDARG00000005590,ENSDARG00000063285,0.904,co-expressed
ticrr,nusap1,ENSDARG00000045605,ENSDARG00000002403,0.904,co-expressed
cdk2,nusap1,ENSDARG00000026577,ENSDARG00000002403,0.904,co-expressed
FO704909.1,si_dkey-223p19.2,ENSDARG00000117638,ENSDARG00000102926,0.904,co-expressed
racgap1,hmmr,ENSDARG00000015460,ENSDARG00000021794,0.904,co-expressed
ska1,si_dkey-25o16.4,ENSDARG00000039354,ENSDARG00000096554,0.904,co-expressed
cdk2,slc18b1,ENSDARG00000026577,ENSDARG00000044047,0.904,co-expressed
zgc_103482,si_dkey-223p19.2,ENSDARG00000025174,ENSDARG00000102926,0.904,co-expressed
tacc3,hmmr,ENSDARG00000005454,ENSDARG00000021794,0.904,co-expressed
si_dkey-25o16.4,FO704909.1,ENSDARG00000096554,ENSDARG00000117638,0.904,co-expressed
ift27,si_dkey-223p19.2,ENSDARG00000099279,ENSDARG00000102926,0.903,co-expressed
rtkn2a,CABZ01058261.1,ENSDARG00000053558,ENSDARG00000099194,0.903,co-expressed
cspp1a,rtkn2a,ENSDARG00000100236,ENSDARG00000053558,0.903,co-expressed
kif11,si_dkeyp-117h8.4,ENSDARG00000010948,ENSDARG00000043004,0.903,co-expressed
ticrr,esco2,ENSDARG00000045605,ENSDARG00000014685,0.902,co-expressed
tacc3,si_ch211-126c2.4,ENSDARG00000005454,ENSDARG00000105479,0.902,co-expressed
gra,nusap1,ENSDARG00000078754,ENSDARG00000002403,0.902,co-expressed
lmnl3,atp2b1b,ENSDARG00000007751,ENSDARG00000007788,0.902,co-expressed
si_ch211-126c2.4,nusap1,ENSDARG00000105479,ENSDARG00000002403,0.902,co-expressed
esco2,dnmt3bb.3,ENSDARG00000014685,ENSDARG00000057863,0.902,co-expressed
ska1,fancd2,ENSDARG00000039354,ENSDARG00000053574,0.902,co-expressed
kif11,nuf2,ENSDARG00000010948,ENSDARG00000034624,0.902,co-expressed
lmnl3,g2e3,ENSDARG00000007751,ENSDARG00000001313,0.902,co-expressed
cep70,nusap1,ENSDARG00000076965,ENSDARG00000002403,0.901,co-expressed
mtf2,mkrn4,ENSDARG00000005590,ENSDARG00000028295,0.901,co-expressed
mkrn4,spdya,ENSDARG00000028295,ENSDARG00000059131,0.901,co-expressed
parpbp,FO704909.1,ENSDARG00000029944,ENSDARG00000117638,0.901,co-expressed
ube2t,mcph1,ENSDARG00000063285,ENSDARG00000058372,0.901,co-expressed
nuf2,kifc1,ENSDARG00000034624,ENSDARG00000001558,0.901,co-expressed
mcph1,nusap1,ENSDARG00000058372,ENSDARG00000002403,0.901,co-expressed
si_dkey-25o16.4,cep70,ENSDARG00000096554,ENSDARG00000076965,0.901,co-expressed
rtkn2a,slc18b1,ENSDARG00000053558,ENSDARG00000044047,0.901,co-expressed
si_dkey-25o16.4,si_ch211-126c2.4,ENSDARG00000096554,ENSDARG00000105479,0.901,co-expressed
arhgap11a,fancd2,ENSDARG00000100019,ENSDARG00000053574,0.901,co-expressed
dnmt3bb.3,hmmr,ENSDARG00000057863,ENSDARG00000021794,0.901,co-expressed
g2e3,mapre1a,ENSDARG00000001313,ENSDARG00000042927,0.901,co-expressed
g2e3,ticrr,ENSDARG00000001313,ENSDARG00000045605,0.901,co-expressed
mkrn4,tacc3,ENSDARG00000028295,ENSDARG00000005454,0.901,co-expressed
tpi1a,zgc_103482,ENSDARG00000025012,ENSDARG00000025174,0.901,co-expressed
esco2,mapre1a,ENSDARG00000014685,ENSDARG00000042927,0.901,co-expressed
rtkn2a,kifc1,ENSDARG00000053558,ENSDARG00000001558,0.9,co-expressed
si_dkeyp-117h8.4,kifc1,ENSDARG00000043004,ENSDARG00000001558,0.9,co-expressed
rtkn2a,zgc_103482,ENSDARG00000053558,ENSDARG00000025174,0.899,co-expressed
lmnl3,kif11,ENSDARG00000007751,ENSDARG00000010948,0.899,co-expressed
mtf2,ift27,ENSDARG00000005590,ENSDARG00000099279,0.899,co-expressed
cep55l,kif11,ENSDARG00000102349,ENSDARG00000010948,0.899,co-expressed
rtkn2a,ift27,ENSDARG00000053558,ENSDARG00000099279,0.899,co-expressed
gra,mcph1,ENSDARG00000078754,ENSDARG00000058372,0.899,co-expressed
g2e3,slc18b1,ENSDARG00000001313,ENSDARG00000044047,0.899,co-expressed
cdk2,cep70,ENSDARG00000026577,ENSDARG00000076965,0.899,co-expressed
rtkn2a,rad54l,ENSDARG00000053558,ENSDARG00000018623,0.899,co-expressed
rtkn2a,racgap1,ENSDARG00000053558,ENSDARG00000015460,0.899,co-expressed
tpi1a,mkrn4,ENSDARG00000025012,ENSDARG00000028295,0.899,co-expressed
kif20a,lmnl3,ENSDARG00000044491,ENSDARG00000007751,0.899,co-expressed
kif11,mapre1a,ENSDARG00000010948,ENSDARG00000042927,0.899,co-expressed
si_dkey-25o16.4,dnmt3bb.3,ENSDARG00000096554,ENSDARG00000057863,0.899,co-expressed
arhgap11a,si_dkey-223p19.2,ENSDARG00000100019,ENSDARG00000102926,0.898,co-expressed
gra,racgap1,ENSDARG00000078754,ENSDARG00000015460,0.898,co-expressed
kif11,si_ch211-126c2.4,ENSDARG00000010948,ENSDARG00000105479,0.898,co-expressed
mtf2,cdk2,ENSDARG00000005590,ENSDARG00000026577,0.898,co-expressed
ift27,rcor2,ENSDARG00000099279,ENSDARG00000008278,0.898,co-expressed
ube2t,FO704909.1,ENSDARG00000063285,ENSDARG00000117638,0.898,co-expressed
cdk2,kif11,ENSDARG00000026577,ENSDARG00000010948,0.898,co-expressed
cdk2,zgc_103482,ENSDARG00000026577,ENSDARG00000025174,0.898,co-expressed
rad54l,spdya,ENSDARG00000018623,ENSDARG00000059131,0.898,co-expressed
ska1,cep55l,ENSDARG00000039354,ENSDARG00000102349,0.898,co-expressed
spdya,cep70,ENSDARG00000059131,ENSDARG00000076965,0.896,co-expressed
kif20a,si_ch211-126c2.4,ENSDARG00000044491,ENSDARG00000105479,0.896,co-expressed
gra,ift27,ENSDARG00000078754,ENSDARG00000099279,0.896,co-expressed
g2e3,ube2t,ENSDARG00000001313,ENSDARG00000063285,0.896,co-expressed
ube2t,nuf2,ENSDARG00000063285,ENSDARG00000034624,0.896,co-expressed
si_dkey-25o16.4,mapre1a,ENSDARG00000096554,ENSDARG00000042927,0.896,co-expressed
mkrn4,cep55l,ENSDARG00000028295,ENSDARG00000102349,0.895,co-expressed
spdya,ift27,ENSDARG00000059131,ENSDARG00000099279,0.895,co-expressed
nuf2,atp2b1b,ENSDARG00000034624,ENSDARG00000007788,0.895,co-expressed
cspp1a,RYR2 (1 of many),ENSDARG00000100236,ENSDARG00000098856,0.895,co-expressed
ift27,racgap1,ENSDARG00000099279,ENSDARG00000015460,0.895,co-expressed
foxm1,dnmt3bb.3,ENSDARG00000003200,ENSDARG00000057863,0.895,co-expressed
cep55l,si_dkeyp-117h8.4,ENSDARG00000102349,ENSDARG00000043004,0.895,co-expressed
mtf2,nusap1,ENSDARG00000005590,ENSDARG00000002403,0.895,co-expressed
ska1,mcph1,ENSDARG00000039354,ENSDARG00000058372,0.895,co-expressed
ticrr,cep70,ENSDARG00000045605,ENSDARG00000076965,0.895,co-expressed
ska1,lin9,ENSDARG00000039354,ENSDARG00000028475,0.895,co-expressed
zgc_111976,ift27,ENSDARG00000059412,ENSDARG00000099279,0.895,co-expressed
mtf2,si_dkey-223p19.2,ENSDARG00000005590,ENSDARG00000102926,0.895,co-expressed
si_dkey-25o16.4,si_dkeyp-117h8.4,ENSDARG00000096554,ENSDARG00000043004,0.895,co-expressed
parpbp,esco2,ENSDARG00000029944,ENSDARG00000014685,0.895,co-expressed
zgc_111976,tpi1a,ENSDARG00000059412,ENSDARG00000025012,0.894,co-expressed
kif11,si_dkey-223p19.2,ENSDARG00000010948,ENSDARG00000102926,0.894,co-expressed
rtkn2a,atp2b1b,ENSDARG00000053558,ENSDARG00000007788,0.894,co-expressed
ift27,lin9,ENSDARG00000099279,ENSDARG00000028475,0.893,co-expressed
kif20a,esco2,ENSDARG00000044491,ENSDARG00000014685,0.893,co-expressed
kif20a,kifc1,ENSDARG00000044491,ENSDARG00000001558,0.893,co-expressed
zgc_103482,arhgap11a,ENSDARG00000025174,ENSDARG00000100019,0.893,co-expressed
lmnl3,cdk2,ENSDARG00000007751,ENSDARG00000026577,0.893,co-expressed
kif20a,g2e3,ENSDARG00000044491,ENSDARG00000001313,0.893,co-expressed
lmnl3,mcph1,ENSDARG00000007751,ENSDARG00000058372,0.893,co-expressed
CABZ01058261.1,zgc_103482,ENSDARG00000099194,ENSDARG00000025174,0.893,co-expressed
parpbp,slc18b1,ENSDARG00000029944,ENSDARG00000044047,0.893,co-expressed
spata6l,atp2b1b,ENSDARG00000004874,ENSDARG00000007788,0.893,co-expressed
mkrn4,kif11,ENSDARG00000028295,ENSDARG00000010948,0.893,co-expressed
mtf2,slc18b1,ENSDARG00000005590,ENSDARG00000044047,0.893,co-expressed
parpbp,spdya,ENSDARG00000029944,ENSDARG00000059131,0.892,co-expressed
spdya,si_dkey-223p19.2,ENSDARG00000059131,ENSDARG00000102926,0.892,co-expressed
CABZ01058261.1,cep70,ENSDARG00000099194,ENSDARG00000076965,0.892,co-expressed
rad21l1,foxm1,ENSDARG00000022493,ENSDARG00000003200,0.892,co-expressed
mcph1,fancd2,ENSDARG00000058372,ENSDARG00000053574,0.892,co-expressed
nuf2,lin9,ENSDARG00000034624,ENSDARG00000028475,0.892,co-expressed
arhgap11a,kifc1,ENSDARG00000100019,ENSDARG00000001558,0.892,co-expressed
RYR2 (1 of many),atp2b1b,ENSDARG00000098856,ENSDARG00000007788,0.892,co-expressed
spdya,zgc_103482,ENSDARG00000059131,ENSDARG00000025174,0.892,co-expressed
cspp1a,cep55l,ENSDARG00000100236,ENSDARG00000102349,0.892,co-expressed
kif11,FO704909.1,ENSDARG00000010948,ENSDARG00000117638,0.892,co-expressed
mkrn4,esco2,ENSDARG00000028295,ENSDARG00000014685,0.892,co-expressed
spata6l,si_dkey-223p19.2,ENSDARG00000004874,ENSDARG00000102926,0.892,co-expressed
rtkn2a,si_dkeyp-117h8.4,ENSDARG00000053558,ENSDARG00000043004,0.892,co-expressed
spdya,foxm1,ENSDARG00000059131,ENSDARG00000003200,0.892,co-expressed
ift27,si_ch211-126c2.4,ENSDARG00000099279,ENSDARG00000105479,0.89,co-expressed
si_dkey-25o16.4,si_dkey-223p19.2,ENSDARG00000096554,ENSDARG00000102926,0.89,co-expressed
mtf2,hmmr,ENSDARG00000005590,ENSDARG00000021794,0.89,co-expressed
spdya,kif11,ENSDARG00000059131,ENSDARG00000010948,0.89,co-expressed
zgc_111976,RYR2 (1 of many),ENSDARG00000059412,ENSDARG00000098856,0.89,co-expressed
zgc_103482,atp2b1b,ENSDARG00000025174,ENSDARG00000007788,0.89,co-expressed
si_dkey-25o16.4,zgc_103482,ENSDARG00000096554,ENSDARG00000025174,0.89,co-expressed
cdk2,gra,ENSDARG00000026577,ENSDARG00000078754,0.89,co-expressed
mkrn4,FO704909.1,ENSDARG00000028295,ENSDARG00000117638,0.89,co-expressed
arhgap11a,cep70,ENSDARG00000100019,ENSDARG00000076965,0.89,co-expressed
tacc3,gra,ENSDARG00000005454,ENSDARG00000078754,0.89,co-expressed
atp2b1b,si_ch211-126c2.4,ENSDARG00000007788,ENSDARG00000105479,0.889,co-expressed
spdya,slc18b1,ENSDARG00000059131,ENSDARG00000044047,0.889,co-expressed
nuf2,FO704909.1,ENSDARG00000034624,ENSDARG00000117638,0.889,co-expressed
mapre1a,si_ch211-126c2.4,ENSDARG00000042927,ENSDARG00000105479,0.889,co-expressed
tpi1a,FO704909.1,ENSDARG00000025012,ENSDARG00000117638,0.889,co-expressed
cspp1a,cdk2,ENSDARG00000100236,ENSDARG00000026577,0.889,co-expressed
spdya,si_dkey-25o16.4,ENSDARG00000059131,ENSDARG00000096554,0.889,co-expressed
rtkn2a,foxm1,ENSDARG00000053558,ENSDARG00000003200,0.889,co-expressed
kif20a,kif11,ENSDARG00000044491,ENSDARG00000010948,0.889,co-expressed
mtf2,spdya,ENSDARG00000005590,ENSDARG00000059131,0.889,co-expressed
gra,hmmr,ENSDARG00000078754,ENSDARG00000021794,0.889,co-expressed
ube2t,lin9,ENSDARG00000063285,ENSDARG00000028475,0.889,co-expressed
si_dkey-223p19.2,kifc1,ENSDARG00000102926,ENSDARG00000001558,0.888,co-expressed
zgc_111976,cep55l,ENSDARG00000059412,ENSDARG00000102349,0.887,co-expressed
racgap1,si_ch211-126c2.4,ENSDARG00000015460,ENSDARG00000105479,0.887,co-expressed
spdya,FO704909.1,ENSDARG00000059131,ENSDARG00000117638,0.887,co-expressed
zgc_103482,kifc1,ENSDARG00000025174,ENSDARG00000001558,0.887,co-expressed
zgc_103482,hmmr,ENSDARG00000025174,ENSDARG00000021794,0.887,co-expressed
slc18b1,rad21l1,ENSDARG00000044047,ENSDARG00000022493,0.887,co-expressed
FO704909.1,kifc1,ENSDARG00000117638,ENSDARG00000001558,0.887,co-expressed
ska1,rtkn2a,ENSDARG00000039354,ENSDARG00000053558,0.887,co-expressed
cspp1a,spdya,ENSDARG00000100236,ENSDARG00000059131,0.887,co-expressed
lmnl3,zgc_103482,ENSDARG00000007751,ENSDARG00000025174,0.887,co-expressed
mkrn4,ube2t,ENSDARG00000028295,ENSDARG00000063285,0.887,co-expressed
mtf2,kif11,ENSDARG00000005590,ENSDARG00000010948,0.887,co-expressed
parpbp,mtf2,ENSDARG00000029944,ENSDARG00000005590,0.887,co-expressed
mkrn4,atp2b1b,ENSDARG00000028295,ENSDARG00000007788,0.887,co-expressed
ticrr,hmmr,ENSDARG00000045605,ENSDARG00000021794,0.887,co-expressed
mtf2,CABZ01058261.1,ENSDARG00000005590,ENSDARG00000099194,0.887,co-expressed
cspp1a,ift27,ENSDARG00000100236,ENSDARG00000099279,0.886,co-expressed
rtkn2a,mcph1,ENSDARG00000053558,ENSDARG00000058372,0.886,co-expressed
rad54l,nuf2,ENSDARG00000018623,ENSDARG00000034624,0.886,co-expressed
tacc3,fancd2,ENSDARG00000005454,ENSDARG00000053574,0.886,co-expressed
mkrn4,arhgap11a,ENSDARG00000028295,ENSDARG00000100019,0.886,co-expressed
parpbp,CABZ01058261.1,ENSDARG00000029944,ENSDARG00000099194,0.886,co-expressed
cdk2,foxm1,ENSDARG00000026577,ENSDARG00000003200,0.886,co-expressed
parpbp,nusap1,ENSDARG00000029944,ENSDARG00000002403,0.886,co-expressed
nuf2,fancd2,ENSDARG00000034624,ENSDARG00000053574,0.886,co-expressed
arhgap11a,nusap1,ENSDARG00000100019,ENSDARG00000002403,0.886,co-expressed
kif20a,hmmr,ENSDARG00000044491,ENSDARG00000021794,0.886,co-expressed
cdk2,CABZ01058261.1,ENSDARG00000026577,ENSDARG00000099194,0.886,co-expressed
ticrr,nuf2,ENSDARG00000045605,ENSDARG00000034624,0.886,co-expressed
mtf2,rad54l,ENSDARG00000005590,ENSDARG00000018623,0.886,co-expressed
g2e3,atp2b1b,ENSDARG00000001313,ENSDARG00000007788,0.886,co-expressed
cdk2,rad21l1,ENSDARG00000026577,ENSDARG00000022493,0.885,co-expressed
cep55l,si_dkey-223p19.2,ENSDARG00000102349,ENSDARG00000102926,0.885,co-expressed
ube2t,mapre1a,ENSDARG00000063285,ENSDARG00000042927,0.884,co-expressed
tpi1a,mtf2,ENSDARG00000025012,ENSDARG00000005590,0.884,co-expressed
cdk2,cep55l,ENSDARG00000026577,ENSDARG00000102349,0.884,co-expressed
kif20a,mkrn4,ENSDARG00000044491,ENSDARG00000028295,0.884,co-expressed
rad21l1,FO704909.1,ENSDARG00000022493,ENSDARG00000117638,0.884,co-expressed
spdya,kifc1,ENSDARG00000059131,ENSDARG00000001558,0.884,co-expressed
si_dkey-25o16.4,nuf2,ENSDARG00000096554,ENSDARG00000034624,0.884,co-expressed
mkrn4,si_ch211-126c2.4,ENSDARG00000028295,ENSDARG00000105479,0.883,co-expressed
ska1,zgc_103482,ENSDARG00000039354,ENSDARG00000025174,0.883,co-expressed
cdk2,racgap1,ENSDARG00000026577,ENSDARG00000015460,0.883,co-expressed
nuf2,racgap1,ENSDARG00000034624,ENSDARG00000015460,0.883,co-expressed
cdk2,rad54l,ENSDARG00000026577,ENSDARG00000018623,0.883,co-expressed
lmnl3,esco2,ENSDARG00000007751,ENSDARG00000014685,0.883,co-expressed
ticrr,si_dkey-223p19.2,ENSDARG00000045605,ENSDARG00000102926,0.883,co-expressed
slc18b1,nuf2,ENSDARG00000044047,ENSDARG00000034624,0.883,co-expressed
kif20a,ube2t,ENSDARG00000044491,ENSDARG00000063285,0.883,co-expressed
tpi1a,atp2b1b,ENSDARG00000025012,ENSDARG00000007788,0.883,co-expressed
esco2,si_dkey-223p19.2,ENSDARG00000014685,ENSDARG00000102926,0.882,co-expressed
ube2t,si_dkey-223p19.2,ENSDARG00000063285,ENSDARG00000102926,0.882,co-expressed
FO704909.1,si_dkeyp-117h8.4,ENSDARG00000117638,ENSDARG00000043004,0.882,co-expressed
lmnl3,si_dkey-223p19.2,ENSDARG00000007751,ENSDARG00000102926,0.882,co-expressed
si_dkeyp-117h8.4,fancd2,ENSDARG00000043004,ENSDARG00000053574,0.882,co-expressed
g2e3,si_dkey-223p19.2,ENSDARG00000001313,ENSDARG00000102926,0.882,co-expressed
ube2t,arhgap11a,ENSDARG00000063285,ENSDARG00000100019,0.881,co-expressed
mkrn4,hmmr,ENSDARG00000028295,ENSDARG00000021794,0.881,co-expressed
spdya,RYR2 (1 of many),ENSDARG00000059131,ENSDARG00000098856,0.881,co-expressed
si_dkeyp-117h8.4,racgap1,ENSDARG00000043004,ENSDARG00000015460,0.881,co-expressed
ska1,si_dkey-223p19.2,ENSDARG00000039354,ENSDARG00000102926,0.881,co-expressed
rad54l,si_dkeyp-117h8.4,ENSDARG00000018623,ENSDARG00000043004,0.881,co-expressed
cep55l,esco2,ENSDARG00000102349,ENSDARG00000014685,0.881,co-expressed
parpbp,racgap1,ENSDARG00000029944,ENSDARG00000015460,0.88,co-expressed
FO704909.1,rcor2,ENSDARG00000117638,ENSDARG00000008278,0.88,co-expressed
slc18b1,atp2b1b,ENSDARG00000044047,ENSDARG00000007788,0.88,co-expressed
mtf2,kifc1,ENSDARG00000005590,ENSDARG00000001558,0.88,co-expressed
mtf2,si_dkey-25o16.4,ENSDARG00000005590,ENSDARG00000096554,0.88,co-expressed
mtf2,cep55l,ENSDARG00000005590,ENSDARG00000102349,0.88,co-expressed
kif20a,RYR2 (1 of many),ENSDARG00000044491,ENSDARG00000098856,0.88,co-expressed
foxm1,nusap1,ENSDARG00000003200,ENSDARG00000002403,0.88,co-expressed
lin9,si_ch211-126c2.4,ENSDARG00000028475,ENSDARG00000105479,0.88,co-expressed
g2e3,rad21l1,ENSDARG00000001313,ENSDARG00000022493,0.88,co-expressed
kifc1,si_ch211-126c2.4,ENSDARG00000001558,ENSDARG00000105479,0.88,co-expressed
parpbp,zgc_103482,ENSDARG00000029944,ENSDARG00000025174,0.88,co-expressed
gra,CABZ01058261.1,ENSDARG00000078754,ENSDARG00000099194,0.88,co-expressed
CABZ01058261.1,FO704909.1,ENSDARG00000099194,ENSDARG00000117638,0.88,co-expressed
cep55l,atp2b1b,ENSDARG00000102349,ENSDARG00000007788,0.88,co-expressed
rtkn2a,rad21l1,ENSDARG00000053558,ENSDARG00000022493,0.88,co-expressed
zgc_111976,g2e3,ENSDARG00000059412,ENSDARG00000001313,0.88,co-expressed
mcph1,si_dkeyp-117h8.4,ENSDARG00000058372,ENSDARG00000043004,0.879,co-expressed
ska1,ticrr,ENSDARG00000039354,ENSDARG00000045605,0.878,co-expressed
cspp1a,mkrn4,ENSDARG00000100236,ENSDARG00000028295,0.878,co-expressed
esco2,arhgap11a,ENSDARG00000014685,ENSDARG00000100019,0.878,co-expressed
esco2,rad21l1,ENSDARG00000014685,ENSDARG00000022493,0.878,co-expressed
parpbp,mkrn4,ENSDARG00000029944,ENSDARG00000028295,0.878,co-expressed
mtf2,gra,ENSDARG00000005590,ENSDARG00000078754,0.878,co-expressed
mtf2,atp2b1b,ENSDARG00000005590,ENSDARG00000007788,0.878,co-expressed
cspp1a,atp2b1b,ENSDARG00000100236,ENSDARG00000007788,0.878,co-expressed
cdk2,tacc3,ENSDARG00000026577,ENSDARG00000005454,0.878,co-expressed
cdk2,RYR2 (1 of many),ENSDARG00000026577,ENSDARG00000098856,0.878,co-expressed
cep55l,nusap1,ENSDARG00000102349,ENSDARG00000002403,0.878,co-expressed
zgc_103482,si_ch211-126c2.4,ENSDARG00000025174,ENSDARG00000105479,0.877,co-expressed
tacc3,lin9,ENSDARG00000005454,ENSDARG00000028475,0.877,co-expressed
cep55l,nuf2,ENSDARG00000102349,ENSDARG00000034624,0.877,co-expressed
si_dkey-25o16.4,arhgap11a,ENSDARG00000096554,ENSDARG00000100019,0.877,co-expressed
zgc_111976,mtf2,ENSDARG00000059412,ENSDARG00000005590,0.877,co-expressed
tacc3,arhgap11a,ENSDARG00000005454,ENSDARG00000100019,0.877,co-expressed
lmnl3,CABZ01058261.1,ENSDARG00000007751,ENSDARG00000099194,0.877,co-expressed
FO704909.1,cep70,ENSDARG00000117638,ENSDARG00000076965,0.877,co-expressed
rad54l,cep55l,ENSDARG00000018623,ENSDARG00000102349,0.877,co-expressed
ift27,hmmr,ENSDARG00000099279,ENSDARG00000021794,0.877,co-expressed
g2e3,mkrn4,ENSDARG00000001313,ENSDARG00000028295,0.877,co-expressed
rad54l,si_ch211-126c2.4,ENSDARG00000018623,ENSDARG00000105479,0.877,co-expressed
slc18b1,RYR2 (1 of many),ENSDARG00000044047,ENSDARG00000098856,0.877,co-expressed
lmnl3,parpbp,ENSDARG00000007751,ENSDARG00000029944,0.875,co-expressed
parpbp,rad54l,ENSDARG00000029944,ENSDARG00000018623,0.875,co-expressed
zgc_111976,nuf2,ENSDARG00000059412,ENSDARG00000034624,0.875,co-expressed
kif20a,rad21l1,ENSDARG00000044491,ENSDARG00000022493,0.875,co-expressed
ticrr,kifc1,ENSDARG00000045605,ENSDARG00000001558,0.875,co-expressed
spdya,ticrr,ENSDARG00000059131,ENSDARG00000045605,0.874,co-expressed
kif20a,rcor2,ENSDARG00000044491,ENSDARG00000008278,0.874,co-expressed
ticrr,ube2t,ENSDARG00000045605,ENSDARG00000063285,0.874,co-expressed
tacc3,mapre1a,ENSDARG00000005454,ENSDARG00000042927,0.874,co-expressed
zgc_103482,nusap1,ENSDARG00000025174,ENSDARG00000002403,0.874,co-expressed
spata6l,rcor2,ENSDARG00000004874,ENSDARG00000008278,0.874,co-expressed
tpi1a,slc18b1,ENSDARG00000025012,ENSDARG00000044047,0.874,co-expressed
spdya,mcph1,ENSDARG00000059131,ENSDARG00000058372,0.874,co-expressed
spata6l,ift27,ENSDARG00000004874,ENSDARG00000099279,0.874,co-expressed
ska1,slc18b1,ENSDARG00000039354,ENSDARG00000044047,0.874,co-expressed
zgc_111976,parpbp,ENSDARG00000059412,ENSDARG00000029944,0.873,co-expressed
ticrr,si_dkeyp-117h8.4,ENSDARG00000045605,ENSDARG00000043004,0.873,co-expressed
si_dkey-223p19.2,lin9,ENSDARG00000102926,ENSDARG00000028475,0.873,co-expressed
slc18b1,esco2,ENSDARG00000044047,ENSDARG00000014685,0.872,co-expressed
FO704909.1,hmmr,ENSDARG00000117638,ENSDARG00000021794,0.872,co-expressed
parpbp,hmmr,ENSDARG00000029944,ENSDARG00000021794,0.872,co-expressed
kif20a,slc18b1,ENSDARG00000044491,ENSDARG00000044047,0.872,co-expressed
spdya,mapre1a,ENSDARG00000059131,ENSDARG00000042927,0.872,co-expressed
racgap1,foxm1,ENSDARG00000015460,ENSDARG00000003200,0.872,co-expressed
g2e3,dnmt3bb.3,ENSDARG00000001313,ENSDARG00000057863,0.872,co-expressed
rad54l,si_dkey-223p19.2,ENSDARG00000018623,ENSDARG00000102926,0.872,co-expressed
cspp1a,gra,ENSDARG00000100236,ENSDARG00000078754,0.872,co-expressed
rcor2,atp2b1b,ENSDARG00000008278,ENSDARG00000007788,0.872,co-expressed
rad54l,zgc_103482,ENSDARG00000018623,ENSDARG00000025174,0.872,co-expressed
cspp1a,arhgap11a,ENSDARG00000100236,ENSDARG00000100019,0.871,co-expressed
rtkn2a,mapre1a,ENSDARG00000053558,ENSDARG00000042927,0.871,co-expressed
lmnl3,ift27,ENSDARG00000007751,ENSDARG00000099279,0.871,co-expressed
lmnl3,kifc1,ENSDARG00000007751,ENSDARG00000001558,0.871,co-expressed
mcph1,racgap1,ENSDARG00000058372,ENSDARG00000015460,0.871,co-expressed
ticrr,mapre1a,ENSDARG00000045605,ENSDARG00000042927,0.871,co-expressed
cdk2,mkrn4,ENSDARG00000026577,ENSDARG00000028295,0.871,co-expressed
fancd2,foxm1,ENSDARG00000053574,ENSDARG00000003200,0.871,co-expressed
ska1,FO704909.1,ENSDARG00000039354,ENSDARG00000117638,0.87,co-expressed
spdya,gra,ENSDARG00000059131,ENSDARG00000078754,0.869,co-expressed
lmnl3,spdya,ENSDARG00000007751,ENSDARG00000059131,0.869,co-expressed
foxm1,lin9,ENSDARG00000003200,ENSDARG00000028475,0.869,co-expressed
FO704909.1,si_ch211-126c2.4,ENSDARG00000117638,ENSDARG00000105479,0.869,co-expressed
lmnl3,tacc3,ENSDARG00000007751,ENSDARG00000005454,0.869,co-expressed
gra,arhgap11a,ENSDARG00000078754,ENSDARG00000100019,0.869,co-expressed
arhgap11a,FO704909.1,ENSDARG00000100019,ENSDARG00000117638,0.869,co-expressed
tpi1a,si_dkey-223p19.2,ENSDARG00000025012,ENSDARG00000102926,0.869,co-expressed
mapre1a,dnmt3bb.3,ENSDARG00000042927,ENSDARG00000057863,0.869,co-expressed
mkrn4,mcph1,ENSDARG00000028295,ENSDARG00000058372,0.869,co-expressed
lmnl3,cspp1a,ENSDARG00000007751,ENSDARG00000100236,0.869,co-expressed
kif20a,si_dkey-223p19.2,ENSDARG00000044491,ENSDARG00000102926,0.869,co-expressed
cep70,hmmr,ENSDARG00000076965,ENSDARG00000021794,0.869,co-expressed
rad54l,FO704909.1,ENSDARG00000018623,ENSDARG00000117638,0.869,co-expressed
zgc_111976,gra,ENSDARG00000059412,ENSDARG00000078754,0.869,co-expressed
cspp1a,g2e3,ENSDARG00000100236,ENSDARG00000001313,0.869,co-expressed
tpi1a,cep55l,ENSDARG00000025012,ENSDARG00000102349,0.869,co-expressed
cdk2,ube2t,ENSDARG00000026577,ENSDARG00000063285,0.869,co-expressed
rad54l,foxm1,ENSDARG00000018623,ENSDARG00000003200,0.868,co-expressed
esco2,atp2b1b,ENSDARG00000014685,ENSDARG00000007788,0.868,co-expressed
mtf2,dnmt3bb.3,ENSDARG00000005590,ENSDARG00000057863,0.868,co-expressed
rtkn2a,ticrr,ENSDARG00000053558,ENSDARG00000045605,0.868,co-expressed
cep55l,CABZ01058261.1,ENSDARG00000102349,ENSDARG00000099194,0.868,co-expressed
parpbp,rcor2,ENSDARG00000029944,ENSDARG00000008278,0.868,co-expressed
mtf2,fancd2,ENSDARG00000005590,ENSDARG00000053574,0.868,co-expressed
lmnl3,cep55l,ENSDARG00000007751,ENSDARG00000102349,0.868,co-expressed
cspp1a,esco2,ENSDARG00000100236,ENSDARG00000014685,0.868,co-expressed
mkrn4,rad54l,ENSDARG00000028295,ENSDARG00000018623,0.868,co-expressed
zgc_111976,hmmr,ENSDARG00000059412,ENSDARG00000021794,0.868,co-expressed
parpbp,si_dkey-223p19.2,ENSDARG00000029944,ENSDARG00000102926,0.868,co-expressed
zgc_111976,si_dkey-223p19.2,ENSDARG00000059412,ENSDARG00000102926,0.867,co-expressed
rtkn2a,mtf2,ENSDARG00000053558,ENSDARG00000005590,0.867,co-expressed
gra,nuf2,ENSDARG00000078754,ENSDARG00000034624,0.866,co-expressed
spdya,ube2t,ENSDARG00000059131,ENSDARG00000063285,0.866,co-expressed
rtkn2a,cep55l,ENSDARG00000053558,ENSDARG00000102349,0.866,co-expressed
rad21l1,rcor2,ENSDARG00000022493,ENSDARG00000008278,0.866,co-expressed
parpbp,lin9,ENSDARG00000029944,ENSDARG00000028475,0.866,co-expressed
g2e3,foxm1,ENSDARG00000001313,ENSDARG00000003200,0.866,co-expressed
lmnl3,rad54l,ENSDARG00000007751,ENSDARG00000018623,0.866,co-expressed
ska1,dnmt3bb.3,ENSDARG00000039354,ENSDARG00000057863,0.866,co-expressed
ska1,atp2b1b,ENSDARG00000039354,ENSDARG00000007788,0.866,co-expressed
si_dkey-223p19.2,hmmr,ENSDARG00000102926,ENSDARG00000021794,0.866,co-expressed
rtkn2a,ube2t,ENSDARG00000053558,ENSDARG00000063285,0.866,co-expressed
lmnl3,hmmr,ENSDARG00000007751,ENSDARG00000021794,0.866,co-expressed
mkrn4,nusap1,ENSDARG00000028295,ENSDARG00000002403,0.866,co-expressed
zgc_111976,esco2,ENSDARG00000059412,ENSDARG00000014685,0.866,co-expressed
rtkn2a,fancd2,ENSDARG00000053558,ENSDARG00000053574,0.865,co-expressed
ska1,cspp1a,ENSDARG00000039354,ENSDARG00000100236,0.865,co-expressed
tacc3,dnmt3bb.3,ENSDARG00000005454,ENSDARG00000057863,0.865,co-expressed
mapre1a,cep70,ENSDARG00000042927,ENSDARG00000076965,0.865,co-expressed
kif20a,nusap1,ENSDARG00000044491,ENSDARG00000002403,0.865,co-expressed
parpbp,gra,ENSDARG00000029944,ENSDARG00000078754,0.865,co-expressed
mkrn4,kifc1,ENSDARG00000028295,ENSDARG00000001558,0.865,co-expressed
ticrr,dnmt3bb.3,ENSDARG00000045605,ENSDARG00000057863,0.865,co-expressed
arhgap11a,ift27,ENSDARG00000100019,ENSDARG00000099279,0.865,co-expressed
ticrr,zgc_103482,ENSDARG00000045605,ENSDARG00000025174,0.863,co-expressed
ska1,gra,ENSDARG00000039354,ENSDARG00000078754,0.863,co-expressed
spdya,fancd2,ENSDARG00000059131,ENSDARG00000053574,0.863,co-expressed
g2e3,arhgap11a,ENSDARG00000001313,ENSDARG00000100019,0.863,co-expressed
g2e3,cep55l,ENSDARG00000001313,ENSDARG00000102349,0.863,co-expressed
tacc3,ticrr,ENSDARG00000005454,ENSDARG00000045605,0.863,co-expressed
tacc3,atp2b1b,ENSDARG00000005454,ENSDARG00000007788,0.863,co-expressed
lmnl3,ticrr,ENSDARG00000007751,ENSDARG00000045605,0.863,co-expressed
gra,foxm1,ENSDARG00000078754,ENSDARG00000003200,0.862,co-expressed
ticrr,si_ch211-126c2.4,ENSDARG00000045605,ENSDARG00000105479,0.862,co-expressed
foxm1,kifc1,ENSDARG00000003200,ENSDARG00000001558,0.862,co-expressed
si_dkeyp-117h8.4,atp2b1b,ENSDARG00000043004,ENSDARG00000007788,0.862,co-expressed
mcph1,nuf2,ENSDARG00000058372,ENSDARG00000034624,0.862,co-expressed
slc18b1,foxm1,ENSDARG00000044047,ENSDARG00000003200,0.862,co-expressed
gra,mapre1a,ENSDARG00000078754,ENSDARG00000042927,0.862,co-expressed
ift27,fancd2,ENSDARG00000099279,ENSDARG00000053574,0.862,co-expressed
si_dkeyp-117h8.4,lin9,ENSDARG00000043004,ENSDARG00000028475,0.861,co-expressed
FO704909.1,racgap1,ENSDARG00000117638,ENSDARG00000015460,0.861,co-expressed
rtkn2a,tacc3,ENSDARG00000053558,ENSDARG00000005454,0.86,co-expressed
rad21l1,nuf2,ENSDARG00000022493,ENSDARG00000034624,0.86,co-expressed
cspp1a,rad21l1,ENSDARG00000100236,ENSDARG00000022493,0.86,co-expressed
gra,rad21l1,ENSDARG00000078754,ENSDARG00000022493,0.86,co-expressed
FO704909.1,nusap1,ENSDARG00000117638,ENSDARG00000002403,0.86,co-expressed
ift27,dnmt3bb.3,ENSDARG00000099279,ENSDARG00000057863,0.86,co-expressed
mkrn4,fancd2,ENSDARG00000028295,ENSDARG00000053574,0.86,co-expressed
g2e3,mcph1,ENSDARG00000001313,ENSDARG00000058372,0.86,co-expressed
zgc_111976,kif11,ENSDARG00000059412,ENSDARG00000010948,0.86,co-expressed
arhgap11a,hmmr,ENSDARG00000100019,ENSDARG00000021794,0.86,co-expressed
ube2t,si_ch211-126c2.4,ENSDARG00000063285,ENSDARG00000105479,0.86,co-expressed
cdk2,mcph1,ENSDARG00000026577,ENSDARG00000058372,0.859,co-expressed
esco2,mcph1,ENSDARG00000014685,ENSDARG00000058372,0.859,co-expressed
spdya,cep55l,ENSDARG00000059131,ENSDARG00000102349,0.859,co-expressed
arhgap11a,atp2b1b,ENSDARG00000100019,ENSDARG00000007788,0.859,co-expressed
spdya,arhgap11a,ENSDARG00000059131,ENSDARG00000100019,0.859,co-expressed
ube2t,cep70,ENSDARG00000063285,ENSDARG00000076965,0.859,co-expressed
slc18b1,si_dkeyp-117h8.4,ENSDARG00000044047,ENSDARG00000043004,0.859,co-expressed
FO704909.1,lin9,ENSDARG00000117638,ENSDARG00000028475,0.858,co-expressed
si_dkey-223p19.2,fancd2,ENSDARG00000102926,ENSDARG00000053574,0.858,co-expressed
lmnl3,rcor2,ENSDARG00000007751,ENSDARG00000008278,0.857,co-expressed
mcph1,dnmt3bb.3,ENSDARG00000058372,ENSDARG00000057863,0.857,co-expressed
mkrn4,lin9,ENSDARG00000028295,ENSDARG00000028475,0.857,co-expressed
rtkn2a,si_dkey-223p19.2,ENSDARG00000053558,ENSDARG00000102926,0.857,co-expressed
fancd2,si_ch211-126c2.4,ENSDARG00000053574,ENSDARG00000105479,0.857,co-expressed
lmnl3,arhgap11a,ENSDARG00000007751,ENSDARG00000100019,0.857,co-expressed
cspp1a,nuf2,ENSDARG00000100236,ENSDARG00000034624,0.857,co-expressed
ift27,cep70,ENSDARG00000099279,ENSDARG00000076965,0.857,co-expressed
zgc_111976,arhgap11a,ENSDARG00000059412,ENSDARG00000100019,0.857,co-expressed
mcph1,cep70,ENSDARG00000058372,ENSDARG00000076965,0.857,co-expressed
esco2,foxm1,ENSDARG00000014685,ENSDARG00000003200,0.856,co-expressed
tpi1a,si_dkeyp-117h8.4,ENSDARG00000025012,ENSDARG00000043004,0.856,co-expressed
spata6l,cdk2,ENSDARG00000004874,ENSDARG00000026577,0.856,co-expressed
si_dkey-25o16.4,atp2b1b,ENSDARG00000096554,ENSDARG00000007788,0.856,co-expressed
gra,si_dkeyp-117h8.4,ENSDARG00000078754,ENSDARG00000043004,0.856,co-expressed
nuf2,cep70,ENSDARG00000034624,ENSDARG00000076965,0.856,co-expressed
ticrr,mcph1,ENSDARG00000045605,ENSDARG00000058372,0.856,co-expressed
kif20a,CABZ01058261.1,ENSDARG00000044491,ENSDARG00000099194,0.856,co-expressed
cep55l,racgap1,ENSDARG00000102349,ENSDARG00000015460,0.856,co-expressed
parpbp,mapre1a,ENSDARG00000029944,ENSDARG00000042927,0.856,co-expressed
si_dkey-223p19.2,nusap1,ENSDARG00000102926,ENSDARG00000002403,0.855,co-expressed
rtkn2a,mkrn4,ENSDARG00000053558,ENSDARG00000028295,0.855,co-expressed
zgc_111976,rcor2,ENSDARG00000059412,ENSDARG00000008278,0.855,co-expressed
ska1,arhgap11a,ENSDARG00000039354,ENSDARG00000100019,0.854,co-expressed
arhgap11a,si_ch211-126c2.4,ENSDARG00000100019,ENSDARG00000105479,0.854,co-expressed
mtf2,racgap1,ENSDARG00000005590,ENSDARG00000015460,0.854,co-expressed
mcph1,zgc_103482,ENSDARG00000058372,ENSDARG00000025174,0.854,co-expressed
tacc3,spdya,ENSDARG00000005454,ENSDARG00000059131,0.854,co-expressed
cdk2,arhgap11a,ENSDARG00000026577,ENSDARG00000100019,0.854,co-expressed
cspp1a,si_ch211-126c2.4,ENSDARG00000100236,ENSDARG00000105479,0.854,co-expressed
foxm1,hmmr,ENSDARG00000003200,ENSDARG00000021794,0.854,co-expressed
gra,atp2b1b,ENSDARG00000078754,ENSDARG00000007788,0.854,co-expressed
spdya,dnmt3bb.3,ENSDARG00000059131,ENSDARG00000057863,0.854,co-expressed
atp2b1b,lin9,ENSDARG00000007788,ENSDARG00000028475,0.853,co-expressed
cep55l,fancd2,ENSDARG00000102349,ENSDARG00000053574,0.853,co-expressed
RYR2 (1 of many),si_dkey-223p19.2,ENSDARG00000098856,ENSDARG00000102926,0.853,co-expressed
rtkn2a,RYR2 (1 of many),ENSDARG00000053558,ENSDARG00000098856,0.853,co-expressed
zgc_111976,ube2t,ENSDARG00000059412,ENSDARG00000063285,0.853,co-expressed
ticrr,ift27,ENSDARG00000045605,ENSDARG00000099279,0.853,co-expressed
zgc_111976,si_dkeyp-117h8.4,ENSDARG00000059412,ENSDARG00000043004,0.853,co-expressed
cep55l,rad21l1,ENSDARG00000102349,ENSDARG00000022493,0.852,co-expressed
zgc_111976,si_ch211-126c2.4,ENSDARG00000059412,ENSDARG00000105479,0.852,co-expressed
tpi1a,nuf2,ENSDARG00000025012,ENSDARG00000034624,0.851,co-expressed
slc18b1,FO704909.1,ENSDARG00000044047,ENSDARG00000117638,0.851,co-expressed
mapre1a,foxm1,ENSDARG00000042927,ENSDARG00000003200,0.851,co-expressed
zgc_111976,si_dkey-25o16.4,ENSDARG00000059412,ENSDARG00000096554,0.851,co-expressed
zgc_103482,fancd2,ENSDARG00000025174,ENSDARG00000053574,0.851,co-expressed
cdk2,mapre1a,ENSDARG00000026577,ENSDARG00000042927,0.851,co-expressed
si_dkey-223p19.2,cep70,ENSDARG00000102926,ENSDARG00000076965,0.851,co-expressed
cspp1a,rcor2,ENSDARG00000100236,ENSDARG00000008278,0.851,co-expressed
parpbp,ube2t,ENSDARG00000029944,ENSDARG00000063285,0.851,co-expressed
si_dkey-25o16.4,foxm1,ENSDARG00000096554,ENSDARG00000003200,0.851,co-expressed
cep70,atp2b1b,ENSDARG00000076965,ENSDARG00000007788,0.851,co-expressed
mcph1,FO704909.1,ENSDARG00000058372,ENSDARG00000117638,0.851,co-expressed
gra,si_dkey-223p19.2,ENSDARG00000078754,ENSDARG00000102926,0.85,co-expressed
