source,native,name,p_value,significant,description,term_size,query_size,intersection_size,effective_domain_size,precision,recall,query,parents,intersections,evidences
GO:CC,GO:0005576,extracellular region,3.7441139094001e-36,True,"""The space external to the outermost structure of a cell. For cells without external protective or external encapsulating structures this refers to space outside of the plasma membrane. This term covers the host cell environment outside an intracellular parasite."" [GOC:go_curators]",788,130,61,12235,0.46923076923076923,0.07741116751269035,query_1,['GO:0110165'],"['ENSDARG00000101324', 'ENSDARG00000016771', 'ENSDARG00000092170', 'ENSDARG00000020741', 'ENSDARG00000012694', 'ENSDARG00000008969', 'ENSDARG00000053973', 'ENSDARG00000090850', 'ENSDARG00000058476', 'ENSDARG00000090286', 'ENSDARG00000076853', 'ENSDARG00000092155', 'ENSDARG00000043719', 'ENSDARG00000021339', 'ENSDARG00000069293', 'ENSDARG00000087359', 'ENSDARG00000058053', 'ENSDARG00000041645', 'ENSDARG00000055278', 'ENSDARG00000052948', 'ENSDARG00000061383', 'ENSDARG00000021004', 'ENSDARG00000055705', 'ENSDARG00000012076', 'ENSDARG00000043342', 'ENSDARG00000052207', 'ENSDARG00000076448', 'ENSDARG00000015662', 'ENSDARG00000089310', 'ENSDARG00000057498', 'ENSDARG00000019772', 'ENSDARG00000016412', 'ENSDARG00000075827', 'ENSDARG00000040298', 'ENSDARG00000093193', 'ENSDARG00000030872', 'ENSDARG00000029388', 'ENSDARG00000005842', 'ENSDARG00000034862', 'ENSDARG00000093068', 'ENSDARG00000097285', 'ENSDARG00000001818', 'ENSDARG00000041685', 'ENSDARG00000100782', 'ENSDARG00000055240', 'ENSDARG00000093198', 'ENSDARG00000075163', 'ENSDARG00000091609', 'ENSDARG00000020866', 'ENSDARG00000102175', 'ENSDARG00000079443', 'ENSDARG00000102004', 'ENSDARG00000078757', 'ENSDARG00000096586', 'ENSDARG00000094408', 'ENSDARG00000031649', 'ENSDARG00000105976', 'ENSDARG00000116259', 'ENSDARG00000070918', 'ENSDARG00000095590', 'ENSDARG00000094929']","[['IEA'], ['IBA', 'IEA'], ['IBA', 'IEA'], ['IEA'], ['IEA'], ['IEA'], ['IEA'], ['IEA'], ['IBA', 'IEA'], ['IEA'], ['IBA'], ['IBA', 'IEA'], ['IEA'], ['IBA', 'IEA'], ['IEA'], ['IEA'], ['IEA'], ['IEA'], ['IEA'], ['IEA'], ['IEA'], ['IEA'], ['IEA'], ['IEA'], ['IEA'], ['IEA'], ['IBA', 'IEA'], ['IEA'], ['IEA'], ['IBA', 'IEA'], ['IEA'], ['IEA'], ['IEA'], ['IEA'], ['IEA'], ['IEA'], ['IBA'], ['IEA'], ['IEA'], ['IEA'], ['IBA'], ['IEA'], ['IEA'], ['IEA'], ['IBA'], ['IEA'], ['IEA'], ['IEA'], ['IEA'], ['IEA'], ['IEA'], ['IEA'], ['IEA'], ['IBA'], ['IBA'], ['IEA'], ['IEA'], ['IBA', 'IEA'], ['IBA'], ['IEA'], ['IEA']]"
GO:MF,GO:0004866,endopeptidase inhibitor activity,1.3680618117126846e-29,True,"""Binds to and stops, prevents or reduces the activity of an endopeptidase."" [GOC:jl]",140,255,32,21077,0.12549019607843137,0.22857142857142856,query_1,"['GO:0030414', 'GO:0061135']","['ENSDARG00000012694', 'ENSDARG00000053973', 'ENSDARG00000090850', 'ENSDARG00000090286', 'ENSDARG00000026764', 'ENSDARG00000045516', 'ENSDARG00000043719', 'ENSDARG00000069293', 'ENSDARG00000087359', 'ENSDARG00000058053', 'ENSDARG00000055036', 'ENSDARG00000004296', 'ENSDARG00000041645', 'ENSDARG00000061383', 'ENSDARG00000021004', 'ENSDARG00000052207', 'ENSDARG00000076448', 'ENSDARG00000089361', 'ENSDARG00000016412', 'ENSDARG00000093068', 'ENSDARG00000001818', 'ENSDARG00000041685', 'ENSDARG00000117107', 'ENSDARG00000093198', 'ENSDARG00000091609', 'ENSDARG00000102617', 'ENSDARG00000100051', 'ENSDARG00000099811', 'ENSDARG00000102868', 'ENSDARG00000103833', 'ENSDARG00000078757', 'ENSDARG00000070918']","[['IEA'], ['IEA'], ['IEA'], ['IEA'], ['IEA'], ['IEA'], ['IEA'], ['IEA'], ['IEA'], ['IEA'], ['IEA'], ['IEA'], ['IEA'], ['IEA'], ['IEA'], ['IEA'], ['IBA', 'IEA'], ['IEA'], ['IEA'], ['IEA'], ['IEA'], ['IEA'], ['IEA'], ['IEA'], ['IEA'], ['IEA'], ['IEA'], ['IEA'], ['IEA'], ['IEA'], ['IEA'], ['IBA', 'IEA']]"
GO:MF,GO:0061135,endopeptidase regulator activity,1.3680618117126846e-29,True,"""Binds to and modulates the activity of a peptidase, any enzyme that hydrolyzes nonterminal peptide bonds in polypeptides."" [GOC:dph, GOC:tb]",140,255,32,21077,0.12549019607843137,0.22857142857142856,query_1,['GO:0061134'],"['ENSDARG00000012694', 'ENSDARG00000053973', 'ENSDARG00000090850', 'ENSDARG00000090286', 'ENSDARG00000026764', 'ENSDARG00000045516', 'ENSDARG00000043719', 'ENSDARG00000069293', 'ENSDARG00000087359', 'ENSDARG00000058053', 'ENSDARG00000055036', 'ENSDARG00000004296', 'ENSDARG00000041645', 'ENSDARG00000061383', 'ENSDARG00000021004', 'ENSDARG00000052207', 'ENSDARG00000076448', 'ENSDARG00000089361', 'ENSDARG00000016412', 'ENSDARG00000093068', 'ENSDARG00000001818', 'ENSDARG00000041685', 'ENSDARG00000117107', 'ENSDARG00000093198', 'ENSDARG00000091609', 'ENSDARG00000102617', 'ENSDARG00000100051', 'ENSDARG00000099811', 'ENSDARG00000102868', 'ENSDARG00000103833', 'ENSDARG00000078757', 'ENSDARG00000070918']","[['IEA'], ['IEA'], ['IEA'], ['IEA'], ['IEA'], ['IEA'], ['IEA'], ['IEA'], ['IEA'], ['IEA'], ['IEA'], ['IEA'], ['IEA'], ['IEA'], ['IEA'], ['IEA'], ['IBA', 'IEA'], ['IEA'], ['IEA'], ['IEA'], ['IEA'], ['IEA'], ['IEA'], ['IEA'], ['IEA'], ['IEA'], ['IEA'], ['IEA'], ['IEA'], ['IEA'], ['IEA'], ['IBA', 'IEA']]"
GO:MF,GO:0030414,peptidase inhibitor activity,9.86712752085091e-29,True,"""Binds to and stops, prevents or reduces the activity of a peptidase, any enzyme that catalyzes the hydrolysis peptide bonds."" [GOC:jl]",150,255,32,21077,0.12549019607843137,0.21333333333333335,query_1,"['GO:0004857', 'GO:0061134']","['ENSDARG00000012694', 'ENSDARG00000053973', 'ENSDARG00000090850', 'ENSDARG00000090286', 'ENSDARG00000026764', 'ENSDARG00000045516', 'ENSDARG00000043719', 'ENSDARG00000069293', 'ENSDARG00000087359', 'ENSDARG00000058053', 'ENSDARG00000055036', 'ENSDARG00000004296', 'ENSDARG00000041645', 'ENSDARG00000061383', 'ENSDARG00000021004', 'ENSDARG00000052207', 'ENSDARG00000076448', 'ENSDARG00000089361', 'ENSDARG00000016412', 'ENSDARG00000093068', 'ENSDARG00000001818', 'ENSDARG00000041685', 'ENSDARG00000117107', 'ENSDARG00000093198', 'ENSDARG00000091609', 'ENSDARG00000102617', 'ENSDARG00000100051', 'ENSDARG00000099811', 'ENSDARG00000102868', 'ENSDARG00000103833', 'ENSDARG00000078757', 'ENSDARG00000070918']","[['IEA'], ['IEA'], ['IEA'], ['IEA'], ['IEA'], ['IEA'], ['IEA'], ['IEA'], ['IEA'], ['IEA'], ['IEA'], ['IEA'], ['IEA'], ['IEA'], ['IEA'], ['IEA'], ['IBA', 'IEA'], ['IEA'], ['IEA'], ['IEA'], ['IEA'], ['IEA'], ['IEA'], ['IEA'], ['IEA'], ['IEA'], ['IEA'], ['IEA'], ['IEA'], ['IEA'], ['IEA'], ['IBA', 'IEA']]"
GO:MF,GO:0061134,peptidase regulator activity,2.828192700356596e-28,True,"""Binds to and modulates the activity of a peptidase, any enzyme that catalyzes the hydrolysis peptide bonds."" [GOC:dph, GOC:tb]",156,255,32,21077,0.12549019607843137,0.20512820512820512,query_1,['GO:0030234'],"['ENSDARG00000012694', 'ENSDARG00000053973', 'ENSDARG00000090850', 'ENSDARG00000090286', 'ENSDARG00000026764', 'ENSDARG00000045516', 'ENSDARG00000043719', 'ENSDARG00000069293', 'ENSDARG00000087359', 'ENSDARG00000058053', 'ENSDARG00000055036', 'ENSDARG00000004296', 'ENSDARG00000041645', 'ENSDARG00000061383', 'ENSDARG00000021004', 'ENSDARG00000052207', 'ENSDARG00000076448', 'ENSDARG00000089361', 'ENSDARG00000016412', 'ENSDARG00000093068', 'ENSDARG00000001818', 'ENSDARG00000041685', 'ENSDARG00000117107', 'ENSDARG00000093198', 'ENSDARG00000091609', 'ENSDARG00000102617', 'ENSDARG00000100051', 'ENSDARG00000099811', 'ENSDARG00000102868', 'ENSDARG00000103833', 'ENSDARG00000078757', 'ENSDARG00000070918']","[['IEA'], ['IEA'], ['IEA'], ['IEA'], ['IEA'], ['IEA'], ['IEA'], ['IEA'], ['IEA'], ['IEA'], ['IEA'], ['IEA'], ['IEA'], ['IEA'], ['IEA'], ['IEA'], ['IBA', 'IEA'], ['IEA'], ['IEA'], ['IEA'], ['IEA'], ['IEA'], ['IEA'], ['IEA'], ['IEA'], ['IEA'], ['IEA'], ['IEA'], ['IEA'], ['IEA'], ['IEA'], ['IBA', 'IEA']]"
GO:MF,GO:0004857,enzyme inhibitor activity,2.0929052022859765e-26,True,"""A molecular function regulator that reduces a catalytic activity."" [GOC:ai, GOC:ebc]",195,255,33,21077,0.12941176470588237,0.16923076923076924,query_1,"['GO:0030234', 'GO:0140678']","['ENSDARG00000092170', 'ENSDARG00000012694', 'ENSDARG00000053973', 'ENSDARG00000090850', 'ENSDARG00000090286', 'ENSDARG00000026764', 'ENSDARG00000045516', 'ENSDARG00000043719', 'ENSDARG00000069293', 'ENSDARG00000087359', 'ENSDARG00000058053', 'ENSDARG00000055036', 'ENSDARG00000004296', 'ENSDARG00000041645', 'ENSDARG00000061383', 'ENSDARG00000021004', 'ENSDARG00000052207', 'ENSDARG00000076448', 'ENSDARG00000089361', 'ENSDARG00000016412', 'ENSDARG00000093068', 'ENSDARG00000001818', 'ENSDARG00000041685', 'ENSDARG00000117107', 'ENSDARG00000093198', 'ENSDARG00000091609', 'ENSDARG00000102617', 'ENSDARG00000100051', 'ENSDARG00000099811', 'ENSDARG00000102868', 'ENSDARG00000103833', 'ENSDARG00000078757', 'ENSDARG00000070918']","[['IBA'], ['IEA'], ['IEA'], ['IEA'], ['IEA'], ['IEA'], ['IEA'], ['IEA'], ['IEA'], ['IEA'], ['IEA'], ['IEA'], ['IEA'], ['IEA'], ['IEA'], ['IEA'], ['IEA'], ['IBA', 'IEA'], ['IEA'], ['IEA'], ['IEA'], ['IEA'], ['IEA'], ['IEA'], ['IEA'], ['IEA'], ['IEA'], ['IEA'], ['IEA'], ['IEA'], ['IEA'], ['IEA'], ['IBA', 'IEA']]"
GO:CC,GO:0005615,extracellular space,5.291735801039251e-26,True,"""That part of a multicellular organism outside the cells proper, usually taken to be outside the plasma membranes, and occupied by fluid."" [ISBN:0198547684]",285,130,35,12235,0.2692307692307692,0.12280701754385964,query_1,"['GO:0005576', 'GO:0110165']","['ENSDARG00000016771', 'ENSDARG00000092170', 'ENSDARG00000020741', 'ENSDARG00000012694', 'ENSDARG00000008969', 'ENSDARG00000053973', 'ENSDARG00000090850', 'ENSDARG00000058476', 'ENSDARG00000090286', 'ENSDARG00000076853', 'ENSDARG00000092155', 'ENSDARG00000043719', 'ENSDARG00000021339', 'ENSDARG00000069293', 'ENSDARG00000087359', 'ENSDARG00000058053', 'ENSDARG00000041645', 'ENSDARG00000061383', 'ENSDARG00000021004', 'ENSDARG00000052207', 'ENSDARG00000076448', 'ENSDARG00000089310', 'ENSDARG00000057498', 'ENSDARG00000016412', 'ENSDARG00000030872', 'ENSDARG00000029388', 'ENSDARG00000093068', 'ENSDARG00000097285', 'ENSDARG00000001818', 'ENSDARG00000041685', 'ENSDARG00000055240', 'ENSDARG00000093198', 'ENSDARG00000078757', 'ENSDARG00000096586', 'ENSDARG00000094408']","[['IBA', 'IEA'], ['IBA'], ['IEA'], ['IEA'], ['IEA'], ['IEA'], ['IEA'], ['IBA', 'IEA'], ['IEA'], ['IBA'], ['IBA', 'IEA'], ['IEA'], ['IBA'], ['IEA'], ['IEA'], ['IEA'], ['IEA'], ['IEA'], ['IEA'], ['IEA'], ['IBA', 'IEA'], ['IEA'], ['IBA'], ['IEA'], ['IEA'], ['IBA'], ['IEA'], ['IBA'], ['IEA'], ['IEA'], ['IBA'], ['IEA'], ['IEA'], ['IBA'], ['IBA']]"
GO:MF,GO:0140678,molecular function inhibitor activity,8.054835380408043e-26,True,"""A molecular function regulator that inhibits or decreases the activity of its target via non-covalent binding that does not result in covalent modification to the target."" [GOC:curators]",204,255,33,21077,0.12941176470588237,0.16176470588235295,query_1,['GO:0098772'],"['ENSDARG00000092170', 'ENSDARG00000012694', 'ENSDARG00000053973', 'ENSDARG00000090850', 'ENSDARG00000090286', 'ENSDARG00000026764', 'ENSDARG00000045516', 'ENSDARG00000043719', 'ENSDARG00000069293', 'ENSDARG00000087359', 'ENSDARG00000058053', 'ENSDARG00000055036', 'ENSDARG00000004296', 'ENSDARG00000041645', 'ENSDARG00000061383', 'ENSDARG00000021004', 'ENSDARG00000052207', 'ENSDARG00000076448', 'ENSDARG00000089361', 'ENSDARG00000016412', 'ENSDARG00000093068', 'ENSDARG00000001818', 'ENSDARG00000041685', 'ENSDARG00000117107', 'ENSDARG00000093198', 'ENSDARG00000091609', 'ENSDARG00000102617', 'ENSDARG00000100051', 'ENSDARG00000099811', 'ENSDARG00000102868', 'ENSDARG00000103833', 'ENSDARG00000078757', 'ENSDARG00000070918']","[['IBA'], ['IEA'], ['IEA'], ['IEA'], ['IEA'], ['IEA'], ['IEA'], ['IEA'], ['IEA'], ['IEA'], ['IEA'], ['IEA'], ['IEA'], ['IEA'], ['IEA'], ['IEA'], ['IEA'], ['IBA', 'IEA'], ['IEA'], ['IEA'], ['IEA'], ['IEA'], ['IEA'], ['IEA'], ['IEA'], ['IEA'], ['IEA'], ['IEA'], ['IEA'], ['IEA'], ['IEA'], ['IEA'], ['IBA', 'IEA']]"
GO:MF,GO:0030234,enzyme regulator activity,8.207172256299104e-12,True,"""A molecular function regulator that modulates a catalytic activity."" [GOC:pdt]",692,255,36,21077,0.1411764705882353,0.05202312138728324,query_1,['GO:0098772'],"['ENSDARG00000092170', 'ENSDARG00000012694', 'ENSDARG00000053973', 'ENSDARG00000090850', 'ENSDARG00000090286', 'ENSDARG00000026764', 'ENSDARG00000092155', 'ENSDARG00000045516', 'ENSDARG00000043719', 'ENSDARG00000069293', 'ENSDARG00000087359', 'ENSDARG00000058053', 'ENSDARG00000055036', 'ENSDARG00000004296', 'ENSDARG00000041645', 'ENSDARG00000061383', 'ENSDARG00000021004', 'ENSDARG00000052207', 'ENSDARG00000076448', 'ENSDARG00000089361', 'ENSDARG00000016412', 'ENSDARG00000093068', 'ENSDARG00000098645', 'ENSDARG00000001818', 'ENSDARG00000041685', 'ENSDARG00000117107', 'ENSDARG00000093198', 'ENSDARG00000091609', 'ENSDARG00000102617', 'ENSDARG00000088972', 'ENSDARG00000100051', 'ENSDARG00000099811', 'ENSDARG00000102868', 'ENSDARG00000103833', 'ENSDARG00000078757', 'ENSDARG00000070918']","[['IBA'], ['IEA'], ['IEA'], ['IEA'], ['IEA'], ['IEA'], ['IBA', 'IEA'], ['IEA'], ['IEA'], ['IEA'], ['IEA'], ['IEA'], ['IEA'], ['IEA'], ['IEA'], ['IEA'], ['IEA'], ['IEA'], ['IBA', 'IEA'], ['IEA'], ['IEA'], ['IEA'], ['IEA'], ['IEA'], ['IEA'], ['IEA'], ['IEA'], ['IEA'], ['IEA'], ['IBA', 'IEA'], ['IEA'], ['IEA'], ['IEA'], ['IEA'], ['IEA'], ['IBA', 'IEA']]"
GO:MF,GO:0004867,serine-type endopeptidase inhibitor activity,8.997030855735534e-12,True,"""Binds to and stops, prevents or reduces the activity of a serine-type endopeptidase."" [GOC:ai]",89,255,15,21077,0.058823529411764705,0.16853932584269662,query_1,['GO:0004866'],"['ENSDARG00000090850', 'ENSDARG00000090286', 'ENSDARG00000045516', 'ENSDARG00000058053', 'ENSDARG00000055036', 'ENSDARG00000004296', 'ENSDARG00000061383', 'ENSDARG00000076448', 'ENSDARG00000089361', 'ENSDARG00000016412', 'ENSDARG00000091609', 'ENSDARG00000100051', 'ENSDARG00000099811', 'ENSDARG00000102868', 'ENSDARG00000103833']","[['IEA'], ['IEA'], ['IEA'], ['IEA'], ['IEA'], ['IEA'], ['IEA'], ['IBA', 'IEA'], ['IEA'], ['IEA'], ['IEA'], ['IEA'], ['IEA'], ['IEA'], ['IEA']]"
GO:BP,GO:0006869,lipid transport,1.875020158418755e-11,True,"""The directed movement of lipids into, out of or within a cell, or between cells, by means of some agent such as a transporter or pore. Lipids are compounds soluble in an organic solvent but not, or sparingly, in an aqueous solvent."" [ISBN:0198506732]",163,151,18,14996,0.11920529801324503,0.11042944785276074,query_1,"['GO:0006810', 'GO:0010876']","['ENSDARG00000101324', 'ENSDARG00000092170', 'ENSDARG00000022767', 'ENSDARG00000042780', 'ENSDARG00000092155', 'ENSDARG00000075016', 'ENSDARG00000012076', 'ENSDARG00000015662', 'ENSDARG00000040298', 'ENSDARG00000104450', 'ENSDARG00000030872', 'ENSDARG00000060345', 'ENSDARG00000020866', 'ENSDARG00000078132', 'ENSDARG00000008948', 'ENSDARG00000102004', 'ENSDARG00000009153', 'ENSDARG00000094929']","[['IEA'], ['IBA', 'IEA'], ['IEA'], ['IEA'], ['IEA'], ['IEA'], ['IEA'], ['IEA'], ['IEA'], ['IBA', 'IEA'], ['IEA'], ['IEA'], ['IEA'], ['IEA'], ['IEA'], ['IEA'], ['IEA'], ['IEA']]"
GO:BP,GO:0010876,lipid localization,1.875020158418755e-11,True,"""Any process in which a lipid is transported to, or maintained in, a specific location."" [GOC:BHF, GOC:dph, GOC:tb]",164,151,18,14996,0.11920529801324503,0.10975609756097561,query_1,['GO:0033036'],"['ENSDARG00000101324', 'ENSDARG00000092170', 'ENSDARG00000022767', 'ENSDARG00000042780', 'ENSDARG00000092155', 'ENSDARG00000075016', 'ENSDARG00000012076', 'ENSDARG00000015662', 'ENSDARG00000040298', 'ENSDARG00000104450', 'ENSDARG00000030872', 'ENSDARG00000060345', 'ENSDARG00000020866', 'ENSDARG00000078132', 'ENSDARG00000008948', 'ENSDARG00000102004', 'ENSDARG00000009153', 'ENSDARG00000094929']","[['IEA'], ['IBA', 'IEA'], ['IEA'], ['IEA'], ['IEA'], ['IEA'], ['IEA'], ['IEA'], ['IEA'], ['IBA', 'IEA'], ['IEA'], ['IEA'], ['IEA'], ['IEA'], ['IEA'], ['IEA'], ['IEA'], ['IEA']]"
GO:MF,GO:0098772,molecular function regulator activity,6.769886772349911e-11,True,"""A molecular function regulator regulates the activity of its target via non-covalent binding that does not result in covalent modification to the target. Examples of molecular function regulators include regulatory subunits of multimeric enzymes and channels. Mechanisms of regulation include allosteric changes in the target and competitive inhibition."" [GOC:dos, GOC:pt]",1182,255,46,21077,0.1803921568627451,0.038917089678511,query_1,['GO:0003674'],"['ENSDARG00000092170', 'ENSDARG00000012694', 'ENSDARG00000053973', 'ENSDARG00000090850', 'ENSDARG00000058476', 'ENSDARG00000090286', 'ENSDARG00000026764', 'ENSDARG00000076853', 'ENSDARG00000092155', 'ENSDARG00000045516', 'ENSDARG00000043719', 'ENSDARG00000069293', 'ENSDARG00000087359', 'ENSDARG00000058053', 'ENSDARG00000055036', 'ENSDARG00000004296', 'ENSDARG00000041645', 'ENSDARG00000052948', 'ENSDARG00000061383', 'ENSDARG00000021004', 'ENSDARG00000052207', 'ENSDARG00000076448', 'ENSDARG00000089361', 'ENSDARG00000016412', 'ENSDARG00000093068', 'ENSDARG00000098645', 'ENSDARG00000001818', 'ENSDARG00000041685', 'ENSDARG00000117107', 'ENSDARG00000093198', 'ENSDARG00000075163', 'ENSDARG00000091609', 'ENSDARG00000102617', 'ENSDARG00000088972', 'ENSDARG00000100051', 'ENSDARG00000102175', 'ENSDARG00000099811', 'ENSDARG00000045854', 'ENSDARG00000102868', 'ENSDARG00000103833', 'ENSDARG00000079443', 'ENSDARG00000078757', 'ENSDARG00000031649', 'ENSDARG00000105976', 'ENSDARG00000076401', 'ENSDARG00000070918']","[['IBA'], ['IEA'], ['IEA'], ['IEA'], ['IEA'], ['IEA'], ['IEA'], ['IBA'], ['IBA', 'IEA'], ['IEA'], ['IEA'], ['IEA'], ['IEA'], ['IEA'], ['IEA'], ['IEA'], ['IEA'], ['IEA'], ['IEA'], ['IEA'], ['IEA'], ['IBA', 'IEA'], ['IEA'], ['IEA'], ['IEA'], ['IEA'], ['IEA'], ['IEA'], ['IEA'], ['IEA'], ['IEA'], ['IEA'], ['IEA'], ['IBA', 'IEA'], ['IEA'], ['IEA'], ['IEA'], ['IEA'], ['IEA'], ['IEA'], ['IEA'], ['IEA'], ['IEA'], ['IEA'], ['IBA'], ['IBA', 'IEA']]"
GO:BP,GO:0042157,lipoprotein metabolic process,1.0525569260318567e-07,True,"""The chemical reactions and pathways involving any conjugated, water-soluble protein in which the covalently attached nonprotein group consists of a lipid or lipids."" [ISBN:0198506732]",30,151,8,14996,0.052980132450331126,0.26666666666666666,query_1,['GO:0019538'],"['ENSDARG00000101324', 'ENSDARG00000092170', 'ENSDARG00000092155', 'ENSDARG00000012076', 'ENSDARG00000040298', 'ENSDARG00000020866', 'ENSDARG00000102004', 'ENSDARG00000094929']","[['IEA'], ['IEA'], ['IMP', 'IBA'], ['IEA'], ['IEA'], ['IEA'], ['IEA'], ['IEA']]"
GO:BP,GO:0050817,coagulation,6.799455889206279e-06,True,"""The process in which a fluid solution, or part of it, changes into a solid or semisolid mass."" [ISBN:0198506732]",71,151,9,14996,0.059602649006622516,0.1267605633802817,query_1,['GO:0032501'],"['ENSDARG00000020741', 'ENSDARG00000008969', 'ENSDARG00000061383', 'ENSDARG00000055705', 'ENSDARG00000076448', 'ENSDARG00000057498', 'ENSDARG00000075827', 'ENSDARG00000034862', 'ENSDARG00000100782']","[['IEA'], ['IEA'], ['IEA'], ['IMP'], ['IBA'], ['IEA'], ['IEA'], ['IEA'], ['IEA']]"
GO:BP,GO:0033036,macromolecule localization,2.599194206068259e-05,True,"""Any process in which a macromolecule is transported to, or maintained in, a specific location."" [GOC:mah]",606,151,22,14996,0.1456953642384106,0.036303630363036306,query_1,['GO:0051179'],"['ENSDARG00000101324', 'ENSDARG00000092170', 'ENSDARG00000022767', 'ENSDARG00000042780', 'ENSDARG00000092155', 'ENSDARG00000075016', 'ENSDARG00000012076', 'ENSDARG00000015662', 'ENSDARG00000040298', 'ENSDARG00000104450', 'ENSDARG00000030872', 'ENSDARG00000059902', 'ENSDARG00000075436', 'ENSDARG00000060345', 'ENSDARG00000020866', 'ENSDARG00000078132', 'ENSDARG00000008948', 'ENSDARG00000102004', 'ENSDARG00000009153', 'ENSDARG00000009470', 'ENSDARG00000094929', 'ENSDARG00000078902']","[['IEA'], ['IBA', 'IEA'], ['IEA'], ['IEA'], ['IEA'], ['IEA'], ['IEA'], ['IEA'], ['IEA'], ['IBA', 'IEA'], ['IEA'], ['IEA'], ['IEA'], ['IEA'], ['IEA'], ['IEA'], ['IEA'], ['IEA'], ['IEA'], ['IEA'], ['IEA'], ['IEA']]"
GO:BP,GO:0007596,blood coagulation,4.124679247768798e-05,True,"""The sequential process in which the multiple coagulation factors of the blood interact, ultimately resulting in the formation of an insoluble fibrin clot; it may be divided into three stages: stage 1, the formation of intrinsic and extrinsic prothrombin converting principle; stage 2, the formation of thrombin; stage 3, the formation of stable fibrin polymers."" [PMID:30700128]",68,151,8,14996,0.052980132450331126,0.11764705882352941,query_1,"['GO:0007599', 'GO:0042060', 'GO:0050817']","['ENSDARG00000020741', 'ENSDARG00000008969', 'ENSDARG00000061383', 'ENSDARG00000055705', 'ENSDARG00000057498', 'ENSDARG00000075827', 'ENSDARG00000034862', 'ENSDARG00000100782']","[['IEA'], ['IEA'], ['IEA'], ['IMP'], ['IEA'], ['IEA'], ['IEA'], ['IEA']]"
GO:BP,GO:0007599,hemostasis,4.124679247768798e-05,True,"""The stopping of bleeding (loss of body fluid) or the arrest of the circulation to an organ or part."" [ISBN:0198506732]",68,151,8,14996,0.052980132450331126,0.11764705882352941,query_1,['GO:0050878'],"['ENSDARG00000020741', 'ENSDARG00000008969', 'ENSDARG00000061383', 'ENSDARG00000055705', 'ENSDARG00000057498', 'ENSDARG00000075827', 'ENSDARG00000034862', 'ENSDARG00000100782']","[['IEA'], ['IEA'], ['IEA'], ['IMP'], ['IEA'], ['IEA'], ['IEA'], ['IEA']]"
GO:MF,GO:0004869,cysteine-type endopeptidase inhibitor activity,4.971378966532142e-05,True,"""Binds to and stops, prevents or reduces the activity of a cysteine-type endopeptidase."" [GOC:dph, GOC:tb]",17,255,5,21077,0.0196078431372549,0.29411764705882354,query_1,['GO:0004866'],"['ENSDARG00000053973', 'ENSDARG00000026764', 'ENSDARG00000069293', 'ENSDARG00000117107', 'ENSDARG00000070918']","[['IEA'], ['IEA'], ['IEA'], ['IEA'], ['IEA']]"
GO:BP,GO:0042060,wound healing,5.591354339040046e-05,True,"""The series of events that restore integrity to a damaged tissue, following an injury."" [GOC:bf, PMID:15269788]",73,151,8,14996,0.052980132450331126,0.1095890410958904,query_1,['GO:0009611'],"['ENSDARG00000020741', 'ENSDARG00000008969', 'ENSDARG00000061383', 'ENSDARG00000055705', 'ENSDARG00000057498', 'ENSDARG00000075827', 'ENSDARG00000034862', 'ENSDARG00000100782']","[['IEA'], ['IEA'], ['IEA'], ['IMP'], ['IEA'], ['IEA'], ['IEA'], ['IEA']]"
GO:BP,GO:0050878,regulation of body fluid levels,5.591354339040046e-05,True,"""Any process that modulates the levels of body fluids."" [GOC:ai, GOC:dph, GOC:tb]",72,151,8,14996,0.052980132450331126,0.1111111111111111,query_1,['GO:0065008'],"['ENSDARG00000020741', 'ENSDARG00000008969', 'ENSDARG00000061383', 'ENSDARG00000055705', 'ENSDARG00000057498', 'ENSDARG00000075827', 'ENSDARG00000034862', 'ENSDARG00000100782']","[['IEA'], ['IEA'], ['IEA'], ['IMP'], ['IEA'], ['IEA'], ['IEA'], ['IEA']]"
GO:BP,GO:0009611,response to wounding,0.00012361737977226484,True,"""Any process that results in a change in state or activity of a cell or an organism (in terms of movement, secretion, enzyme production, gene expression, etc.) as a result of a stimulus indicating damage to the organism."" [GOC:go_curators]",82,151,8,14996,0.052980132450331126,0.0975609756097561,query_1,['GO:0006950'],"['ENSDARG00000020741', 'ENSDARG00000008969', 'ENSDARG00000061383', 'ENSDARG00000055705', 'ENSDARG00000057498', 'ENSDARG00000075827', 'ENSDARG00000034862', 'ENSDARG00000100782']","[['IEA'], ['IEA'], ['IEA'], ['IMP'], ['IEA'], ['IEA'], ['IEA'], ['IEA']]"
GO:CC,GO:0034364,high-density lipoprotein particle,0.00019737553702258806,True,"""A lipoprotein particle with a high density (typically 1.063-1.21 g/ml) and a diameter of 5-10 nm that contains APOAs and may contain APOCs and APOE; found in blood and carries lipids from body tissues to the liver as part of the reverse cholesterol transport process."" [GOC:BHF, GOC:expert_pt, GOC:mah, GOC:pde, GOC:rl]",4,130,3,12235,0.023076923076923078,0.75,query_1,['GO:0034358'],"['ENSDARG00000092170', 'ENSDARG00000092155', 'ENSDARG00000030872']","[['IBA'], ['IBA', 'IEA'], ['IEA']]"
GO:CC,GO:0005579,membrane attack complex,0.00019737553702258806,True,"""A protein complex produced by sequentially activated components of the complement cascade inserted into a target cell membrane and forming a pore leading to cell lysis via ion and water flow."" [GOC:add, ISBN:0198547684, ISBN:068340007X, ISBN:0781735149]",12,130,4,12235,0.03076923076923077,0.3333333333333333,query_1,"['GO:0046930', 'GO:0098797']","['ENSDARG00000016319', 'ENSDARG00000039516', 'ENSDARG00000039517', 'ENSDARG00000032098']","[['IEA'], ['IEA'], ['IEA'], ['IEA']]"
KEGG,KEGG:01100,Metabolic pathways,0.00020107006642321572,True,Metabolic pathways,1441,94,41,6524,0.43617021276595747,0.028452463566967384,query_1,['KEGG:00000'],"['ENSDARG00000018351', 'ENSDARG00000068478', 'ENSDARG00000042010', 'ENSDARG00000019532', 'ENSDARG00000029230', 'ENSDARG00000071076', 'ENSDARG00000007024', 'ENSDARG00000006220', 'ENSDARG00000079271', 'ENSDARG00000073786', 'ENSDARG00000043342', 'ENSDARG00000040190', 'ENSDARG00000015662', 'ENSDARG00000058005', 'ENSDARG00000093193', 'ENSDARG00000045414', 'ENSDARG00000070453', 'ENSDARG00000053068', 'ENSDARG00000097285', 'ENSDARG00000002986', 'ENSDARG00000068876', 'ENSDARG00000055240', 'ENSDARG00000038199', 'ENSDARG00000101762', 'ENSDARG00000034048', 'ENSDARG00000002394', 'ENSDARG00000074457', 'ENSDARG00000013056', 'ENSDARG00000003635', 'ENSDARG00000033594', 'ENSDARG00000043820', 'ENSDARG00000096445', 'ENSDARG00000008948', 'ENSDARG00000009153', 'ENSDARG00000057677', 'ENSDARG00000060280', 'ENSDARG00000042293', 'ENSDARG00000116259', 'ENSDARG00000031616', 'ENSDARG00000068474', 'ENSDARG00000004199']","[['KEGG'], ['KEGG'], ['KEGG'], ['KEGG'], ['KEGG'], ['KEGG'], ['KEGG'], ['KEGG'], ['KEGG'], ['KEGG'], ['KEGG'], ['KEGG'], ['KEGG'], ['KEGG'], ['KEGG'], ['KEGG'], ['KEGG'], ['KEGG'], ['KEGG'], ['KEGG'], ['KEGG'], ['KEGG'], ['KEGG'], ['KEGG'], ['KEGG'], ['KEGG'], ['KEGG'], ['KEGG'], ['KEGG'], ['KEGG'], ['KEGG'], ['KEGG'], ['KEGG'], ['KEGG'], ['KEGG'], ['KEGG'], ['KEGG'], ['KEGG'], ['KEGG'], ['KEGG'], ['KEGG']]"
KEGG,KEGG:04977,Vitamin digestion and absorption,0.00022715667242660117,True,Vitamin digestion and absorption,32,94,6,6524,0.06382978723404255,0.1875,query_1,['KEGG:00000'],"['ENSDARG00000101324', 'ENSDARG00000042780', 'ENSDARG00000040298', 'ENSDARG00000020866', 'ENSDARG00000096445', 'ENSDARG00000094929']","[['KEGG'], ['KEGG'], ['KEGG'], ['KEGG'], ['KEGG'], ['KEGG']]"
GO:CC,GO:0034358,plasma lipoprotein particle,0.00023082297319183722,True,"""A spherical particle with a hydrophobic core of triglycerides and/or cholesterol esters, surrounded by an amphipathic monolayer of phospholipids, cholesterol and apolipoproteins. Plasma lipoprotein particles transport lipids, which are non-covalently associated with the particles, in the blood or lymph."" [GOC:BHF, GOC:expert_pt, GOC:rl]",5,130,3,12235,0.023076923076923078,0.6,query_1,"['GO:0005615', 'GO:1990777']","['ENSDARG00000092170', 'ENSDARG00000092155', 'ENSDARG00000030872']","[['IBA'], ['IBA', 'IEA'], ['IEA']]"
GO:CC,GO:1990777,lipoprotein particle,0.00023082297319183722,True,"""A spherical particle containing non-covalently associated proteins and lipids. Examples are plasma lipoprotein particles which transport lipids in the blood or lymph."" [GOC:vesicles]",5,130,3,12235,0.023076923076923078,0.6,query_1,['GO:0032994'],"['ENSDARG00000092170', 'ENSDARG00000092155', 'ENSDARG00000030872']","[['IBA'], ['IBA', 'IEA'], ['IEA']]"
GO:CC,GO:0032994,protein-lipid complex,0.00023082297319183722,True,"""A macromolecular complex containing separate protein and lipid molecules. Separate in this context means not covalently bound to each other."" [GOC:mah]",5,130,3,12235,0.023076923076923078,0.6,query_1,['GO:0032991'],"['ENSDARG00000092170', 'ENSDARG00000092155', 'ENSDARG00000030872']","[['IBA'], ['IBA', 'IEA'], ['IEA']]"
KEGG,KEGG:00592,alpha-Linolenic acid metabolism,0.00028067450757758496,True,alpha-Linolenic acid metabolism,21,94,5,6524,0.05319148936170213,0.23809523809523808,query_1,['KEGG:00000'],"['ENSDARG00000019532', 'ENSDARG00000015662', 'ENSDARG00000096445', 'ENSDARG00000008948', 'ENSDARG00000009153']","[['KEGG'], ['KEGG'], ['KEGG'], ['KEGG'], ['KEGG']]"
GO:CC,GO:0046930,pore complex,0.0003510686822185271,True,"""A protein complex providing a discrete opening in a membrane that allows the passage of gases and/or liquids."" [ISBN:0198506732]",16,130,4,12235,0.03076923076923077,0.25,query_1,['GO:0098796'],"['ENSDARG00000016319', 'ENSDARG00000039516', 'ENSDARG00000039517', 'ENSDARG00000032098']","[['IEA'], ['IEA'], ['IEA'], ['IEA']]"
GO:BP,GO:0065008,regulation of biological quality,0.00040498714229382586,True,"""Any process that modulates a qualitative or quantitative trait of a biological quality. A biological quality is a measurable attribute of an organism or part of an organism, such as size, mass, shape, color, etc."" [GOC:dph, GOC:isa_complete, GOC:mah, GOC:pr, GOC:vw]",376,151,15,14996,0.09933774834437085,0.0398936170212766,query_1,['GO:0065007'],"['ENSDARG00000027355', 'ENSDARG00000020741', 'ENSDARG00000008969', 'ENSDARG00000061383', 'ENSDARG00000055705', 'ENSDARG00000057498', 'ENSDARG00000016412', 'ENSDARG00000075827', 'ENSDARG00000104450', 'ENSDARG00000034862', 'ENSDARG00000100782', 'ENSDARG00000070140', 'ENSDARG00000009470', 'ENSDARG00000076401', 'ENSDARG00000057098']","[['IBA'], ['IEA'], ['IEA'], ['IEA'], ['IMP'], ['IEA'], ['IEA'], ['IEA'], ['IBA'], ['IEA'], ['IEA'], ['IBA'], ['IEA'], ['IBA'], ['IEA']]"
GO:BP,GO:0044281,small molecule metabolic process,0.0004132227564318196,True,"""The chemical reactions and pathways involving small molecules, any low molecular weight, monomeric, non-encoded molecule."" [GOC:curators, GOC:pde, GOC:vw]",644,151,20,14996,0.13245033112582782,0.031055900621118012,query_1,['GO:0008152'],"['ENSDARG00000018351', 'ENSDARG00000042010', 'ENSDARG00000029230', 'ENSDARG00000071076', 'ENSDARG00000021172', 'ENSDARG00000058005', 'ENSDARG00000053500', 'ENSDARG00000045414', 'ENSDARG00000070453', 'ENSDARG00000002986', 'ENSDARG00000055240', 'ENSDARG00000101762', 'ENSDARG00000070140', 'ENSDARG00000034048', 'ENSDARG00000074457', 'ENSDARG00000013056', 'ENSDARG00000043820', 'ENSDARG00000091503', 'ENSDARG00000031616', 'ENSDARG00000089177']","[['IEA'], ['IEA'], ['IEA'], ['IEA'], ['IBA'], ['IBA', 'IEA'], ['IEA'], ['IEA'], ['IBA', 'IEA'], ['IEA'], ['IBA'], ['IEA'], ['IBA'], ['IEA'], ['IEA'], ['IEA'], ['IEA'], ['IEA'], ['IBA', 'IEA'], ['IEA']]"
GO:BP,GO:0006955,immune response,0.0004132227564318196,True,"""Any immune system process that functions in the calibrated response of an organism to a potential internal or invasive threat."" [GO_REF:0000022, GOC:add]",334,151,14,14996,0.09271523178807947,0.041916167664670656,query_1,"['GO:0002376', 'GO:0050896']","['ENSDARG00000016771', 'ENSDARG00000016319', 'ENSDARG00000055278', 'ENSDARG00000053831', 'ENSDARG00000052207', 'ENSDARG00000039516', 'ENSDARG00000019772', 'ENSDARG00000039517', 'ENSDARG00000029388', 'ENSDARG00000032098', 'ENSDARG00000070453', 'ENSDARG00000075163', 'ENSDARG00000055388', 'ENSDARG00000096304']","[['IBA'], ['IEA'], ['IEA'], ['IEA'], ['IDA'], ['IEA'], ['IEA'], ['IEA'], ['IBA'], ['IEA'], ['IMP'], ['IEA'], ['IEA'], ['IBA']]"
GO:MF,GO:0016491,oxidoreductase activity,0.0005392088364757678,True,"""Catalysis of an oxidation-reduction (redox) reaction, a reversible chemical reaction in which the oxidation state of an atom or atoms within a molecule is altered. One substrate acts as a hydrogen or electron donor and becomes oxidized, while the other acts as hydrogen or electron acceptor and becomes reduced."" [EC:1.-.-.-]",753,255,24,21077,0.09411764705882353,0.03187250996015936,query_1,['GO:0003824'],"['ENSDARG00000018351', 'ENSDARG00000068478', 'ENSDARG00000010312', 'ENSDARG00000019532', 'ENSDARG00000071429', 'ENSDARG00000071076', 'ENSDARG00000021172', 'ENSDARG00000079271', 'ENSDARG00000043342', 'ENSDARG00000040190', 'ENSDARG00000101861', 'ENSDARG00000058005', 'ENSDARG00000101423', 'ENSDARG00000025595', 'ENSDARG00000018459', 'ENSDARG00000053068', 'ENSDARG00000068876', 'ENSDARG00000055240', 'ENSDARG00000070140', 'ENSDARG00000034048', 'ENSDARG00000104593', 'ENSDARG00000091503', 'ENSDARG00000006501', 'ENSDARG00000089177']","[['IEA'], ['IEA'], ['IEA'], ['IEA'], ['IEA'], ['IEA'], ['IBA', 'IEA'], ['IEA'], ['IBA', 'IEA'], ['IEA'], ['IEA'], ['IBA', 'IEA'], ['IEA'], ['IEA'], ['IEA'], ['IEA'], ['IEA'], ['IBA', 'IEA'], ['IBA', 'IEA'], ['IEA'], ['IEA'], ['IBA', 'IEA'], ['IEA'], ['IEA']]"
GO:BP,GO:0006629,lipid metabolic process,0.000721661565876406,True,"""The chemical reactions and pathways involving lipids, compounds soluble in an organic solvent but not, or sparingly, in an aqueous solvent. Includes fatty acids; neutral fats, other fatty-acid esters, and soaps; long-chain (fatty) alcohols and waxes; sphingoids and other long-chain bases; glycolipids, phospholipids and sphingolipids; and carotenes, polyprenols, sterols, terpenes and other isoprenoids."" [GOC:ma]",506,151,17,14996,0.11258278145695365,0.03359683794466403,query_1,['GO:0044238'],"['ENSDARG00000092170', 'ENSDARG00000019532', 'ENSDARG00000092155', 'ENSDARG00000015662', 'ENSDARG00000089310', 'ENSDARG00000025595', 'ENSDARG00000045414', 'ENSDARG00000070140', 'ENSDARG00000034048', 'ENSDARG00000103253', 'ENSDARG00000003635', 'ENSDARG00000096445', 'ENSDARG00000008948', 'ENSDARG00000009153', 'ENSDARG00000091503', 'ENSDARG00000098099', 'ENSDARG00000089177']","[['IBA'], ['IEA'], ['IMP', 'IEA'], ['IEA'], ['IBA'], ['IEA'], ['IEA'], ['IBA', 'IEA'], ['IEA'], ['IEA'], ['IBA', 'IEA'], ['IEA'], ['IEA'], ['IEA'], ['IBA', 'IEA'], ['IEA'], ['IEA']]"
GO:BP,GO:0006950,response to stress,0.001373049652211561,True,"""Any process that results in a change in state or activity of a cell or an organism (in terms of movement, secretion, enzyme production, gene expression, etc.) as a result of a disturbance in organismal or cellular homeostasis, usually, but not necessarily, exogenous (e.g. temperature, humidity, ionizing radiation)."" [GOC:mah]",648,151,19,14996,0.12582781456953643,0.029320987654320986,query_1,['GO:0050896'],"['ENSDARG00000016771', 'ENSDARG00000020741', 'ENSDARG00000008969', 'ENSDARG00000068478', 'ENSDARG00000061383', 'ENSDARG00000055705', 'ENSDARG00000043342', 'ENSDARG00000052207', 'ENSDARG00000057498', 'ENSDARG00000075827', 'ENSDARG00000075632', 'ENSDARG00000034862', 'ENSDARG00000018459', 'ENSDARG00000070453', 'ENSDARG00000114317', 'ENSDARG00000100782', 'ENSDARG00000075163', 'ENSDARG00000102175', 'ENSDARG00000096304']","[['IBA'], ['IEA'], ['IEA'], ['IEA'], ['IEA'], ['IMP'], ['IEA'], ['IDA'], ['IEA'], ['IEA'], ['IBA', 'IEA'], ['IEA'], ['IEA'], ['IMP'], ['IEA'], ['IEA'], ['IEA'], ['IEA'], ['IBA']]"
GO:MF,GO:0004252,serine-type endopeptidase activity,0.0014184037838455192,True,"""Catalysis of the hydrolysis of internal, alpha-peptide bonds in a polypeptide chain by a catalytic mechanism that involves a catalytic triad consisting of a serine nucleophile that is activated by a proton relay involving an acidic residue (e.g. aspartate or glutamate) and a basic residue (usually histidine)."" [GOC:mah, https://www.ebi.ac.uk/merops/about/glossary.shtml#CATTYPE]",245,255,12,21077,0.047058823529411764,0.04897959183673469,query_1,"['GO:0004175', 'GO:0008236']","['ENSDARG00000023111', 'ENSDARG00000055278', 'ENSDARG00000100248', 'ENSDARG00000057498', 'ENSDARG00000019772', 'ENSDARG00000099425', 'ENSDARG00000075827', 'ENSDARG00000103308', 'ENSDARG00000019451', 'ENSDARG00000007988', 'ENSDARG00000034862', 'ENSDARG00000100782']","[['IEA'], ['IEA'], ['IEA'], ['IBA', 'IEA'], ['IEA'], ['IEA'], ['IEA'], ['IEA'], ['IEA'], ['IEA'], ['IEA'], ['IEA']]"
GO:BP,GO:0006959,humoral immune response,0.0015785340301076255,True,"""An immune response mediated through a body fluid."" [GOC:hb, ISBN:0198506732]",19,151,4,14996,0.026490066225165563,0.21052631578947367,query_1,['GO:0006955'],"['ENSDARG00000016771', 'ENSDARG00000055278', 'ENSDARG00000019772', 'ENSDARG00000032098']","[['IBA'], ['IEA'], ['IEA'], ['IEA']]"
GO:BP,GO:0006508,proteolysis,0.0020917414981104494,True,"""The hydrolysis of proteins into smaller polypeptides and/or amino acids by cleavage of their peptide bonds."" [GOC:bf, GOC:mah]",616,151,18,14996,0.11920529801324503,0.02922077922077922,query_1,['GO:0019538'],"['ENSDARG00000023111', 'ENSDARG00000021339', 'ENSDARG00000055278', 'ENSDARG00000100248', 'ENSDARG00000057498', 'ENSDARG00000019772', 'ENSDARG00000099425', 'ENSDARG00000075827', 'ENSDARG00000103308', 'ENSDARG00000019451', 'ENSDARG00000007988', 'ENSDARG00000034862', 'ENSDARG00000052855', 'ENSDARG00000097285', 'ENSDARG00000100782', 'ENSDARG00000008553', 'ENSDARG00000041083', 'ENSDARG00000012395']","[['IEA'], ['IBA', 'IEA'], ['IEA'], ['IEA'], ['IEA'], ['IEA'], ['IEA'], ['IEA'], ['IEA'], ['IEA'], ['IEA'], ['IEA'], ['IEA'], ['IBA', 'IEA'], ['IEA'], ['IBA', 'IEA'], ['IEA'], ['IEA']]"
GO:BP,GO:0002376,immune system process,0.002481145429067462,True,"""Any process involved in the development or functioning of the immune system, an organismal system for calibrated responses to potential internal or invasive threats."" [GO_REF:0000022, GOC:add]",405,151,14,14996,0.09271523178807947,0.0345679012345679,query_1,['GO:0008150'],"['ENSDARG00000016771', 'ENSDARG00000016319', 'ENSDARG00000055278', 'ENSDARG00000053831', 'ENSDARG00000052207', 'ENSDARG00000039516', 'ENSDARG00000019772', 'ENSDARG00000039517', 'ENSDARG00000029388', 'ENSDARG00000032098', 'ENSDARG00000070453', 'ENSDARG00000075163', 'ENSDARG00000055388', 'ENSDARG00000096304']","[['IBA'], ['IEA'], ['IEA'], ['IEA'], ['IDA'], ['IEA'], ['IEA'], ['IEA'], ['IBA'], ['IEA'], ['IMP'], ['IEA'], ['IEA'], ['IBA']]"
GO:MF,GO:0017171,serine hydrolase activity,0.0025744906024807294,True,"""Catalysis of the hydrolysis of a substrate by a catalytic mechanism that involves a catalytic triad consisting of a serine nucleophile that is activated by a proton relay involving an acidic residue (e.g. aspartate or glutamate) and a basic residue (usually histidine)."" [Wikipedia:Serine_hydrolase]",265,255,12,21077,0.047058823529411764,0.045283018867924525,query_1,['GO:0016787'],"['ENSDARG00000023111', 'ENSDARG00000055278', 'ENSDARG00000100248', 'ENSDARG00000057498', 'ENSDARG00000019772', 'ENSDARG00000099425', 'ENSDARG00000075827', 'ENSDARG00000103308', 'ENSDARG00000019451', 'ENSDARG00000007988', 'ENSDARG00000034862', 'ENSDARG00000100782']","[['IEA'], ['IEA'], ['IEA'], ['IBA', 'IEA'], ['IEA'], ['IEA'], ['IEA'], ['IEA'], ['IEA'], ['IEA'], ['IEA'], ['IEA']]"
GO:MF,GO:0008236,serine-type peptidase activity,0.0025744906024807294,True,"""Catalysis of the hydrolysis of peptide bonds in a polypeptide chain by a catalytic mechanism that involves a catalytic triad consisting of a serine nucleophile that is activated by a proton relay involving an acidic residue (e.g. aspartate or glutamate) and a basic residue (usually histidine)."" [https://www.ebi.ac.uk/merops/about/glossary.shtml#CATTYPE]",265,255,12,21077,0.047058823529411764,0.045283018867924525,query_1,"['GO:0008233', 'GO:0017171']","['ENSDARG00000023111', 'ENSDARG00000055278', 'ENSDARG00000100248', 'ENSDARG00000057498', 'ENSDARG00000019772', 'ENSDARG00000099425', 'ENSDARG00000075827', 'ENSDARG00000103308', 'ENSDARG00000019451', 'ENSDARG00000007988', 'ENSDARG00000034862', 'ENSDARG00000100782']","[['IEA'], ['IEA'], ['IEA'], ['IBA', 'IEA'], ['IEA'], ['IEA'], ['IEA'], ['IEA'], ['IEA'], ['IEA'], ['IEA'], ['IEA']]"
GO:BP,GO:0050482,arachidonate secretion,0.0028414312584775885,True,"""The controlled release of arachidonic acid from a cell or a tissue."" [GOC:ai]",9,151,3,14996,0.019867549668874173,0.3333333333333333,query_1,"['GO:0032309', 'GO:1903963']","['ENSDARG00000015662', 'ENSDARG00000008948', 'ENSDARG00000009153']","[['IEA'], ['IEA'], ['IEA']]"
GO:BP,GO:0032309,icosanoid secretion,0.0028414312584775885,True,"""The controlled release of icosanoids, any of a group of C20 polyunsaturated fatty acids from a cell or a tissue."" [GOC:mah]",9,151,3,14996,0.019867549668874173,0.3333333333333333,query_1,"['GO:0046903', 'GO:0071715']","['ENSDARG00000015662', 'ENSDARG00000008948', 'ENSDARG00000009153']","[['IEA'], ['IEA'], ['IEA']]"
GO:BP,GO:1903963,arachidonate transport,0.0028414312584775885,True,"""The directed movement of an arachidonate into, out of or within a cell, or between cells, by means of some agent such as a transporter or pore."" [GO_REF:0000065, GOC:bhm, GOC:TermGenie, PMID:15642721]",9,151,3,14996,0.019867549668874173,0.3333333333333333,query_1,"['GO:0015909', 'GO:0071715']","['ENSDARG00000015662', 'ENSDARG00000008948', 'ENSDARG00000009153']","[['IEA'], ['IEA'], ['IEA']]"
GO:BP,GO:0046113,nucleobase catabolic process,0.003114145988557936,True,"""The chemical reactions and pathways resulting in the breakdown of a nucleobase, a nitrogenous base that is a constituent of a nucleic acid."" [GOC:ai]",2,151,2,14996,0.013245033112582781,1.0,query_1,"['GO:0009056', 'GO:0009112']","['ENSDARG00000002986', 'ENSDARG00000055240']","[['IEA'], ['IBA']]"
GO:BP,GO:0006145,purine nucleobase catabolic process,0.003114145988557936,True,"""The chemical reactions and pathways resulting in the breakdown of purine nucleobases, one of the two classes of nitrogen-containing ring compounds found in DNA and RNA, which include adenine and guanine."" [GOC:go_curators]",2,151,2,14996,0.013245033112582781,1.0,query_1,"['GO:0006144', 'GO:0046113', 'GO:0072523']","['ENSDARG00000002986', 'ENSDARG00000055240']","[['IEA'], ['IBA']]"
GO:BP,GO:0034381,plasma lipoprotein particle clearance,0.003114145988557936,True,"""The process in which a lipoprotein particle is removed from the blood via receptor-mediated endocytosis and its constituent parts degraded."" [GOC:ascb_2009, GOC:BHF, GOC:dph, GOC:mah, GOC:tb]",2,151,2,14996,0.013245033112582781,1.0,query_1,"['GO:0032501', 'GO:0097006']","['ENSDARG00000092170', 'ENSDARG00000092155']","[['IBA'], ['IBA']]"
GO:BP,GO:0071715,icosanoid transport,0.0032543667605044553,True,"""The directed movement of icosanoids into, out of or within a cell, or between cells, by means of some agent such as a transporter or pore. Icosanoids are unsaturated C20 fatty acids and skeletally related compounds."" [GOC:mah]",10,151,3,14996,0.019867549668874173,0.3,query_1,['GO:0046942'],"['ENSDARG00000015662', 'ENSDARG00000008948', 'ENSDARG00000009153']","[['IEA'], ['IEA'], ['IEA']]"
GO:BP,GO:0006956,complement activation,0.0032543667605044553,True,"""Any process involved in the activation of any of the steps of the complement cascade, which allows for the direct killing of microbes, the disposal of immune complexes, and the regulation of other immune processes; the initial steps of complement activation involve one of three pathways, the classical pathway, the alternative pathway, and the lectin pathway, all of which lead to the terminal complement pathway."" [GO_REF:0000022, GOC:add, ISBN:0781735149]",10,151,3,14996,0.019867549668874173,0.3,query_1,"['GO:0002252', 'GO:0002253', 'GO:0006959']","['ENSDARG00000055278', 'ENSDARG00000019772', 'ENSDARG00000032098']","[['IEA'], ['IEA'], ['IEA']]"
GO:MF,GO:0020037,heme binding,0.007333483254562232,True,"""Binding to a heme, a compound composed of iron complexed in a porphyrin (tetrapyrrole) ring."" [GOC:ai]",176,255,9,21077,0.03529411764705882,0.05113636363636364,query_1,['GO:0046906'],"['ENSDARG00000071429', 'ENSDARG00000021172', 'ENSDARG00000101861', 'ENSDARG00000101423', 'ENSDARG00000053068', 'ENSDARG00000104593', 'ENSDARG00000033594', 'ENSDARG00000006501', 'ENSDARG00000089177']","[['IEA'], ['IBA', 'IEA'], ['IEA'], ['IEA'], ['IEA'], ['IEA'], ['IEA'], ['IEA'], ['IEA']]"
GO:MF,GO:0046906,tetrapyrrole binding,0.007949874393445673,True,"""Binding to a tetrapyrrole, a compound containing four pyrrole nuclei variously substituted and linked to each other through carbons at the alpha position."" [GOC:curators, ISBN:0198506732]",181,255,9,21077,0.03529411764705882,0.049723756906077346,query_1,['GO:0005488'],"['ENSDARG00000071429', 'ENSDARG00000021172', 'ENSDARG00000101861', 'ENSDARG00000101423', 'ENSDARG00000053068', 'ENSDARG00000104593', 'ENSDARG00000033594', 'ENSDARG00000006501', 'ENSDARG00000089177']","[['IEA'], ['IBA', 'IEA'], ['IEA'], ['IEA'], ['IEA'], ['IEA'], ['IEA'], ['IEA'], ['IEA']]"
GO:MF,GO:0004623,A2-type glycerophospholipase activity,0.007949874393445673,True,"""A glycerophospholipase activity that cleaves the fatty acid attached to the sn-2 position of the glycerol group of a glycerophospholipid. Substrates include phosphatidylcholine, phosphatidylethanolamine, choline plasmalogen and phosphatides."" [PMID:30109646]",12,255,3,21077,0.011764705882352941,0.25,query_1,"['GO:0004620', 'GO:0052689']","['ENSDARG00000015662', 'ENSDARG00000008948', 'ENSDARG00000009153']","[['IEA'], ['IEA'], ['IEA']]"
GO:BP,GO:0048251,elastic fiber assembly,0.008249373785231013,True,"""Assembly of the extracellular matrix fibers that enables the matrix to recoil after transient stretching."" [GOC:jid, PMID:10841810, PMID:12615674]",3,151,2,14996,0.013245033112582781,0.6666666666666666,query_1,"['GO:0085029', 'GO:0097435']","['ENSDARG00000096586', 'ENSDARG00000094408']","[['IBA'], ['IBA']]"
GO:CC,GO:0034385,triglyceride-rich plasma lipoprotein particle,0.00843663940838558,True,"""A plasma lipoprotein particle that has a hydrophobic core enriched in triglycerides surrounded by an amphipathic monolayer of phospholipids, cholesterol and apolipoproteins. Triglyceride-rich lipoprotein particles transport lipids, which are non-covalently associated with the particles, in the blood."" [GOC:BHF, GOC:mah, GOC:rl]",4,130,2,12235,0.015384615384615385,0.5,query_1,['GO:0034358'],"['ENSDARG00000092170', 'ENSDARG00000092155']","[['IBA'], ['IBA', 'IEA']]"
GO:CC,GO:0005577,fibrinogen complex,0.00843663940838558,True,"""A highly soluble, elongated protein complex found in blood plasma and involved in clot formation. It is converted into fibrin monomer by the action of thrombin. In the mouse, fibrinogen is a hexamer, 46 nm long and 9 nm maximal diameter, containing two sets of nonidentical chains (alpha, beta, and gamma) linked together by disulfide bonds."" [ISBN:0198547684]",4,130,2,12235,0.015384615384615385,0.5,query_1,"['GO:0005615', 'GO:0032991']","['ENSDARG00000020741', 'ENSDARG00000008969']","[['IEA'], ['IEA']]"
GO:CC,GO:0034361,very-low-density lipoprotein particle,0.00843663940838558,True,"""A triglyceride-rich lipoprotein particle that is typically composed of APOB100, APOE and APOCs and has a density of about 1.006 g/ml and a diameter of between 20-80 nm. It is found in blood and transports endogenous products (newly synthesized cholesterol and triglycerides) from the liver."" [GOC:BHF, GOC:expert_pt, GOC:mah, GOC:rl]",4,130,2,12235,0.015384615384615385,0.5,query_1,['GO:0034385'],"['ENSDARG00000092170', 'ENSDARG00000092155']","[['IBA'], ['IBA', 'IEA']]"
GO:BP,GO:0015909,long-chain fatty acid transport,0.008899022135288875,True,"""The directed movement of a long-chain fatty acid into, out of or within a cell, or between cells, by means of some agent such as a transporter or pore. A long-chain fatty acid has an aliphatic tail containing 13 to 22 carbons."" [GOC:ai]",14,151,3,14996,0.019867549668874173,0.21428571428571427,query_1,['GO:0015908'],"['ENSDARG00000015662', 'ENSDARG00000008948', 'ENSDARG00000009153']","[['IEA'], ['IEA'], ['IEA']]"
GO:BP,GO:0046903,secretion,0.008953453675184084,True,"""The controlled release of a substance by a cell or a tissue."" [GOC:ai]",93,151,6,14996,0.039735099337748346,0.06451612903225806,query_1,['GO:0006810'],"['ENSDARG00000015662', 'ENSDARG00000008948', 'ENSDARG00000009153', 'ENSDARG00000009470', 'ENSDARG00000078902', 'ENSDARG00000057098']","[['IEA'], ['IEA'], ['IEA'], ['IEA'], ['IEA'], ['IEA']]"
GO:BP,GO:0006022,aminoglycan metabolic process,0.009661601088187621,True,"""The chemical reactions and pathways involving aminoglycans, any polymer containing amino groups that consists of more than about 10 monosaccharide residues joined to each other by glycosidic linkages."" [GOC:ai, ISBN:0198506732]",15,151,3,14996,0.019867549668874173,0.2,query_1,"['GO:0043170', 'GO:1901135']","['ENSDARG00000045516', 'ENSDARG00000055036', 'ENSDARG00000116259']","[['IEA'], ['IEA'], ['IEA']]"
GO:BP,GO:0006066,alcohol metabolic process,0.009661601088187621,True,"""The chemical reactions and pathways involving alcohols, any of a class of compounds containing one or more hydroxyl groups attached to a saturated carbon atom."" [ISBN:0198506732]",62,151,5,14996,0.033112582781456956,0.08064516129032258,query_1,['GO:0044281'],"['ENSDARG00000070453', 'ENSDARG00000070140', 'ENSDARG00000034048', 'ENSDARG00000013056', 'ENSDARG00000089177']","[['IBA', 'IEA'], ['IBA'], ['IEA'], ['IEA'], ['IEA']]"
GO:BP,GO:0006810,transport,0.009661601088187621,True,"""The directed movement of substances (such as macromolecules, small molecules, ions) or cellular components (such as complexes and organelles) into, out of or within a cell, or between cells, or within a multicellular organism by means of some agent such as a transporter or a transporter complex, a pore or a motor protein."" [GOC:dos, GOC:dph, GOC:jl, GOC:mah]",2187,151,38,14996,0.25165562913907286,0.017375400091449476,query_1,['GO:0051234'],"['ENSDARG00000101324', 'ENSDARG00000027355', 'ENSDARG00000016771', 'ENSDARG00000092170', 'ENSDARG00000022767', 'ENSDARG00000012609', 'ENSDARG00000058476', 'ENSDARG00000042780', 'ENSDARG00000092155', 'ENSDARG00000043279', 'ENSDARG00000058953', 'ENSDARG00000075016', 'ENSDARG00000012076', 'ENSDARG00000060496', 'ENSDARG00000070078', 'ENSDARG00000015662', 'ENSDARG00000089310', 'ENSDARG00000040298', 'ENSDARG00000104450', 'ENSDARG00000030872', 'ENSDARG00000026682', 'ENSDARG00000059902', 'ENSDARG00000021573', 'ENSDARG00000075436', 'ENSDARG00000036722', 'ENSDARG00000060345', 'ENSDARG00000020866', 'ENSDARG00000078132', 'ENSDARG00000008948', 'ENSDARG00000102004', 'ENSDARG00000009153', 'ENSDARG00000071159', 'ENSDARG00000009470', 'ENSDARG00000076401', 'ENSDARG00000041848', 'ENSDARG00000094929', 'ENSDARG00000078902', 'ENSDARG00000057098']","[['IEA'], ['IBA', 'IEA'], ['IMP', 'IBA', 'IEA'], ['IBA', 'IEA'], ['IEA'], ['IEA'], ['IDA'], ['IEA'], ['IEA'], ['IEA'], ['IEA'], ['IEA'], ['IEA'], ['IEA'], ['IEA'], ['IEA'], ['IEA'], ['IEA'], ['IBA', 'IEA'], ['IEA'], ['IBA', 'IEA'], ['IEA'], ['IEA'], ['IEA'], ['IEA'], ['IEA'], ['IEA'], ['IEA'], ['IEA'], ['IEA'], ['IEA'], ['IEA'], ['IEA'], ['IEA'], ['IEA'], ['IEA'], ['IEA'], ['IEA']]"
GO:CC,GO:0110165,cellular anatomical structure,0.010169178771889774,True,"""A part of a cellular organism consisting of a material entity with granularity above the level of a protein complex but below that of an anatomical system. Note that cellular organisms exclude viruses."" [GOC:kmv]",11593,130,130,12235,1.0,0.011213663417579574,query_1,['GO:0005575'],"['ENSDARG00000101324', 'ENSDARG00000027355', 'ENSDARG00000016771', 'ENSDARG00000092170', 'ENSDARG00000020741', 'ENSDARG00000012694', 'ENSDARG00000008969', 'ENSDARG00000053973', 'ENSDARG00000090850', 'ENSDARG00000058476', 'ENSDARG00000090286', 'ENSDARG00000076853', 'ENSDARG00000036700', 'ENSDARG00000016319', 'ENSDARG00000092155', 'ENSDARG00000043719', 'ENSDARG00000021339', 'ENSDARG00000071076', 'ENSDARG00000069293', 'ENSDARG00000043279', 'ENSDARG00000058953', 'ENSDARG00000087359', 'ENSDARG00000104172', 'ENSDARG00000058053', 'ENSDARG00000041645', 'ENSDARG00000055278', 'ENSDARG00000021172', 'ENSDARG00000006220', 'ENSDARG00000052948', 'ENSDARG00000061383', 'ENSDARG00000021004', 'ENSDARG00000055705', 'ENSDARG00000022788', 'ENSDARG00000012076', 'ENSDARG00000043342', 'ENSDARG00000060496', 'ENSDARG00000041595', 'ENSDARG00000052207', 'ENSDARG00000070078', 'ENSDARG00000076448', 'ENSDARG00000015662', 'ENSDARG00000039516', 'ENSDARG00000089310', 'ENSDARG00000057498', 'ENSDARG00000019772', 'ENSDARG00000075855', 'ENSDARG00000016412', 'ENSDARG00000039517', 'ENSDARG00000075827', 'ENSDARG00000040298', 'ENSDARG00000062688', 'ENSDARG00000093193', 'ENSDARG00000069290', 'ENSDARG00000053500', 'ENSDARG00000045414', 'ENSDARG00000104450', 'ENSDARG00000100844', 'ENSDARG00000030872', 'ENSDARG00000026682', 'ENSDARG00000029388', 'ENSDARG00000059902', 'ENSDARG00000075632', 'ENSDARG00000068586', 'ENSDARG00000021573', 'ENSDARG00000005842', 'ENSDARG00000034862', 'ENSDARG00000032098', 'ENSDARG00000056781', 'ENSDARG00000093068', 'ENSDARG00000040747', 'ENSDARG00000070453', 'ENSDARG00000022689', 'ENSDARG00000097285', 'ENSDARG00000001818', 'ENSDARG00000041685', 'ENSDARG00000100782', 'ENSDARG00000055240', 'ENSDARG00000093198', 'ENSDARG00000075163', 'ENSDARG00000091609', 'ENSDARG00000090943', 'ENSDARG00000016081', 'ENSDARG00000036722', 'ENSDARG00000070140', 'ENSDARG00000103589', 'ENSDARG00000006341', 'ENSDARG00000020866', 'ENSDARG00000102175', 'ENSDARG00000063635', 'ENSDARG00000008553', 'ENSDARG00000078180', 'ENSDARG00000079980', 'ENSDARG00000096304', 'ENSDARG00000003635', 'ENSDARG00000089399', 'ENSDARG00000078132', 'ENSDARG00000039687', 'ENSDARG00000055185', 'ENSDARG00000077202', 'ENSDARG00000079443', 'ENSDARG00000102004', 'ENSDARG00000102888', 'ENSDARG00000091503', 'ENSDARG00000098162', 'ENSDARG00000071159', 'ENSDARG00000078757', 'ENSDARG00000096586', 'ENSDARG00000094408', 'ENSDARG00000053620', 'ENSDARG00000031649', 'ENSDARG00000105976', 'ENSDARG00000116259', 'ENSDARG00000009470', 'ENSDARG00000031616', 'ENSDARG00000058332', 'ENSDARG00000076401', 'ENSDARG00000092652', 'ENSDARG00000070918', 'ENSDARG00000041848', 'ENSDARG00000075698', 'ENSDARG00000063059', 'ENSDARG00000098952', 'ENSDARG00000095590', 'ENSDARG00000094929', 'ENSDARG00000109370', 'ENSDARG00000012395', 'ENSDARG00000078902', 'ENSDARG00000057098', 'ENSDARG00000071501', 'ENSDARG00000091905']","[['IEA'], ['IEA'], ['IBA', 'IEA'], ['IBA', 'IEA'], ['IEA'], ['IEA'], ['IEA'], ['IEA'], ['IEA'], ['IBA', 'IEA'], ['IEA'], ['IBA', 'IEA'], ['IEA'], ['IEA'], ['IBA', 'IEA'], ['IEA'], ['IBA', 'IEA'], ['IEA'], ['IEA'], ['IBA', 'IEA'], ['IEA'], ['IEA'], ['IEA'], ['IEA'], ['IEA'], ['IEA'], ['IBA', 'IEA'], ['IEA'], ['IEA'], ['IEA'], ['IEA'], ['IEA'], ['IEA'], ['IEA'], ['IEA'], ['IEA'], ['IDA'], ['IEA'], ['IEA'], ['IBA', 'IEA'], ['IEA'], ['IEA'], ['IBA', 'IEA'], ['IBA', 'IEA'], ['IEA'], ['IEA'], ['IEA'], ['IEA'], ['IEA'], ['IEA'], ['IBA', 'IEA'], ['IEA'], ['IEA'], ['IEA'], ['IEA'], ['IBA', 'IEA'], ['IDA', 'IBA', 'IEA'], ['IEA'], ['IBA', 'IEA'], ['IBA'], ['IEA'], ['IBA', 'IEA'], ['IEA'], ['IEA'], ['IBA', 'IEA'], ['IEA'], ['IEA'], ['IEA'], ['IEA'], ['IEA'], ['IBA', 'IEA'], ['IBA', 'IEA'], ['IBA'], ['IEA'], ['IEA'], ['IEA'], ['IBA', 'IEA'], ['IEA'], ['IEA'], ['IEA'], ['IEA'], ['IEA'], ['IEA'], ['IBA', 'IEA'], ['IEA'], ['IEA'], ['IEA'], ['IEA'], ['IEA'], ['IBA'], ['IEA'], ['IBA', 'IEA'], ['IBA', 'IEA'], ['IBA', 'IEA'], ['IEA'], ['IBA', 'IEA'], ['IEA'], ['IBA', 'IEA'], ['IEA'], ['IEA'], ['IEA'], ['IEA'], ['IEA'], ['IEA'], ['IEA'], ['IEA'], ['IBA'], ['IBA'], ['IEA'], ['IEA'], ['IEA'], ['IBA', 'IEA'], ['IEA'], ['IBA', 'IEA'], ['IEA'], ['IBA', 'IEA'], ['IEA'], ['IBA'], ['IEA'], ['IEA'], ['IEA'], ['IEA'], ['IEA'], ['IEA'], ['IEA'], ['IEA'], ['IEA'], ['IEA'], ['IEA'], ['IEA']]"
GO:BP,GO:0046654,tetrahydrofolate biosynthetic process,0.011959928132905884,True,"""The chemical reactions and pathways resulting in the formation of tetrahydrofolate, 5,6,7,8-tetrahydrofolic acid, a folate derivative bearing additional hydrogens on the pterin group."" [ISBN:0198506732]",4,151,2,14996,0.013245033112582781,0.5,query_1,"['GO:0009396', 'GO:0046653']","['ENSDARG00000070453', 'ENSDARG00000068876']","[['IEA'], ['IEA']]"
GO:BP,GO:0085029,extracellular matrix assembly,0.011959928132905884,True,"""The aggregation, arrangement and bonding together of the extracellular matrix."" [GOC:jl]",4,151,2,14996,0.013245033112582781,0.5,query_1,"['GO:0022607', 'GO:0030198']","['ENSDARG00000096586', 'ENSDARG00000094408']","[['IBA'], ['IBA']]"
GO:BP,GO:0097006,regulation of plasma lipoprotein particle levels,0.011959928132905884,True,"""Any process involved in the maintenance of internal levels of plasma lipoprotein particles within an organism."" [GOC:BHF]",4,151,2,14996,0.013245033112582781,0.5,query_1,['GO:0050789'],"['ENSDARG00000092170', 'ENSDARG00000092155']","[['IBA'], ['IBA']]"
GO:BP,GO:0050820,positive regulation of coagulation,0.011959928132905884,True,"""Any process that activates or increases the frequency, rate or extent of coagulation."" [GOC:ai]",4,151,2,14996,0.013245033112582781,0.5,query_1,"['GO:0050817', 'GO:0050818', 'GO:0051240']","['ENSDARG00000061383', 'ENSDARG00000076448']","[['IEA'], ['IBA']]"
GO:BP,GO:0030212,hyaluronan metabolic process,0.011959928132905884,True,"""The chemical reactions and pathways involving hyaluronan, the naturally occurring anionic form of hyaluronic acid. Hyaluronan is a type of non-sulfated glycosaminoglycan composed of the repeating disaccharide unit beta(1,4)-D-glucuronic acid-beta(1,3)-N-acetyl-D-glucosamine."" [PMID:33171800, PMID:35536932]",4,151,2,14996,0.013245033112582781,0.5,query_1,['GO:0030203'],"['ENSDARG00000045516', 'ENSDARG00000055036']","[['IEA'], ['IEA']]"
GO:BP,GO:0015718,monocarboxylic acid transport,0.012062016884750082,True,"""The directed movement of monocarboxylic acids into, out of or within a cell, or between cells, by means of some agent such as a transporter or pore."" [GOC:krc]",39,151,4,14996,0.026490066225165563,0.10256410256410256,query_1,['GO:0046942'],"['ENSDARG00000015662', 'ENSDARG00000021573', 'ENSDARG00000008948', 'ENSDARG00000009153']","[['IEA'], ['IEA'], ['IEA'], ['IEA']]"
KEGG,KEGG:00591,Linoleic acid metabolism,0.014127386815543415,True,Linoleic acid metabolism,28,94,4,6524,0.0425531914893617,0.14285714285714285,query_1,['KEGG:00000'],"['ENSDARG00000015662', 'ENSDARG00000096445', 'ENSDARG00000008948', 'ENSDARG00000009153']","[['KEGG'], ['KEGG'], ['KEGG'], ['KEGG']]"
KEGG,KEGG:01240,Biosynthesis of cofactors,0.014450632442065186,True,Biosynthesis of cofactors,147,94,8,6524,0.0851063829787234,0.05442176870748299,query_1,['KEGG:00000'],"['ENSDARG00000018351', 'ENSDARG00000006220', 'ENSDARG00000070453', 'ENSDARG00000068876', 'ENSDARG00000002394', 'ENSDARG00000033594', 'ENSDARG00000043820', 'ENSDARG00000068474']","[['KEGG'], ['KEGG'], ['KEGG'], ['KEGG'], ['KEGG'], ['KEGG'], ['KEGG'], ['KEGG']]"
KEGG,KEGG:00590,Arachidonic acid metabolism,0.014450632442065186,True,Arachidonic acid metabolism,52,94,5,6524,0.05319148936170213,0.09615384615384616,query_1,['KEGG:00000'],"['ENSDARG00000068478', 'ENSDARG00000015662', 'ENSDARG00000096445', 'ENSDARG00000008948', 'ENSDARG00000009153']","[['KEGG'], ['KEGG'], ['KEGG'], ['KEGG'], ['KEGG']]"
KEGG,KEGG:00232,Caffeine metabolism,0.014450632442065186,True,Caffeine metabolism,4,94,2,6524,0.02127659574468085,0.5,query_1,['KEGG:00000'],"['ENSDARG00000007024', 'ENSDARG00000055240']","[['KEGG'], ['KEGG']]"
KEGG,KEGG:04518,Integrin signaling,0.014450632442065186,True,Integrin signaling,149,94,8,6524,0.0851063829787234,0.053691275167785234,query_1,['KEGG:00000'],"['ENSDARG00000020741', 'ENSDARG00000012694', 'ENSDARG00000008969', 'ENSDARG00000043719', 'ENSDARG00000087359', 'ENSDARG00000053831', 'ENSDARG00000052207', 'ENSDARG00000055388']","[['KEGG'], ['KEGG'], ['KEGG'], ['KEGG'], ['KEGG'], ['KEGG'], ['KEGG'], ['KEGG']]"
GO:MF,GO:0016787,hydrolase activity,0.014938879533907915,True,"""Catalysis of the hydrolysis of various bonds, e.g. C-O, C-N, C-C, phosphoric anhydride bonds, etc."" [ISBN:0198506732]",2494,255,48,21077,0.18823529411764706,0.019246190858059342,query_1,['GO:0003824'],"['ENSDARG00000023111', 'ENSDARG00000021339', 'ENSDARG00000058953', 'ENSDARG00000055278', 'ENSDARG00000100248', 'ENSDARG00000073786', 'ENSDARG00000041595', 'ENSDARG00000070078', 'ENSDARG00000015662', 'ENSDARG00000057498', 'ENSDARG00000019772', 'ENSDARG00000099425', 'ENSDARG00000075827', 'ENSDARG00000093193', 'ENSDARG00000103308', 'ENSDARG00000104450', 'ENSDARG00000057767', 'ENSDARG00000019451', 'ENSDARG00000007988', 'ENSDARG00000034862', 'ENSDARG00000052855', 'ENSDARG00000070453', 'ENSDARG00000097285', 'ENSDARG00000100782', 'ENSDARG00000002986', 'ENSDARG00000038199', 'ENSDARG00000069496', 'ENSDARG00000101762', 'ENSDARG00000020364', 'ENSDARG00000019709', 'ENSDARG00000103253', 'ENSDARG00000008553', 'ENSDARG00000041083', 'ENSDARG00000096445', 'ENSDARG00000008948', 'ENSDARG00000045074', 'ENSDARG00000009153', 'ENSDARG00000057677', 'ENSDARG00000060280', 'ENSDARG00000116259', 'ENSDARG00000031616', 'ENSDARG00000063059', 'ENSDARG00000098099', 'ENSDARG00000004199', 'ENSDARG00000012395', 'ENSDARG00000076294', 'ENSDARG00000104895', 'ENSDARG00000076250']","[['IEA'], ['IBA', 'IEA'], ['IEA'], ['IEA'], ['IEA'], ['IEA'], ['IEA'], ['IEA'], ['IEA'], ['IBA', 'IEA'], ['IEA'], ['IEA'], ['IEA'], ['IEA'], ['IEA'], ['IEA'], ['IEA'], ['IEA'], ['IEA'], ['IEA'], ['IEA'], ['IBA', 'IEA'], ['IBA', 'IEA'], ['IEA'], ['IEA'], ['IEA'], ['IEA'], ['IEA'], ['IEA'], ['IEA'], ['IEA'], ['IBA', 'IEA'], ['IEA'], ['IEA'], ['IEA'], ['IEA'], ['IEA'], ['IEA'], ['IEA'], ['IEA'], ['IBA', 'IEA'], ['IEA'], ['IEA'], ['IEA'], ['IEA'], ['IEA'], ['IEA'], ['IEA']]"
GO:BP,GO:0016042,lipid catabolic process,0.018050061406798785,True,"""The chemical reactions and pathways resulting in the breakdown of lipids, compounds soluble in an organic solvent but not, or sparingly, in an aqueous solvent."" [GOC:go_curators]",75,151,5,14996,0.033112582781456956,0.06666666666666667,query_1,"['GO:0006629', 'GO:0009056']","['ENSDARG00000092170', 'ENSDARG00000092155', 'ENSDARG00000015662', 'ENSDARG00000009153', 'ENSDARG00000089177']","[['IBA'], ['IEA'], ['IEA'], ['IEA'], ['IEA']]"
GO:BP,GO:0051234,establishment of localization,0.018416420417892616,True,"""Any process that localizes a substance or cellular component. This may occur via movement, tethering or selective degradation."" [GOC:ai, GOC:dos]",2288,151,38,14996,0.25165562913907286,0.016608391608391608,query_1,['GO:0051179'],"['ENSDARG00000101324', 'ENSDARG00000027355', 'ENSDARG00000016771', 'ENSDARG00000092170', 'ENSDARG00000022767', 'ENSDARG00000012609', 'ENSDARG00000058476', 'ENSDARG00000042780', 'ENSDARG00000092155', 'ENSDARG00000043279', 'ENSDARG00000058953', 'ENSDARG00000075016', 'ENSDARG00000012076', 'ENSDARG00000060496', 'ENSDARG00000070078', 'ENSDARG00000015662', 'ENSDARG00000089310', 'ENSDARG00000040298', 'ENSDARG00000104450', 'ENSDARG00000030872', 'ENSDARG00000026682', 'ENSDARG00000059902', 'ENSDARG00000021573', 'ENSDARG00000075436', 'ENSDARG00000036722', 'ENSDARG00000060345', 'ENSDARG00000020866', 'ENSDARG00000078132', 'ENSDARG00000008948', 'ENSDARG00000102004', 'ENSDARG00000009153', 'ENSDARG00000071159', 'ENSDARG00000009470', 'ENSDARG00000076401', 'ENSDARG00000041848', 'ENSDARG00000094929', 'ENSDARG00000078902', 'ENSDARG00000057098']","[['IEA'], ['IBA', 'IEA'], ['IMP', 'IBA', 'IEA'], ['IBA', 'IEA'], ['IEA'], ['IEA'], ['IDA'], ['IEA'], ['IEA'], ['IEA'], ['IEA'], ['IEA'], ['IEA'], ['IEA'], ['IEA'], ['IEA'], ['IEA'], ['IEA'], ['IBA', 'IEA'], ['IEA'], ['IBA', 'IEA'], ['IEA'], ['IEA'], ['IEA'], ['IEA'], ['IEA'], ['IEA'], ['IEA'], ['IEA'], ['IEA'], ['IEA'], ['IEA'], ['IEA'], ['IEA'], ['IEA'], ['IEA'], ['IEA'], ['IEA']]"
GO:MF,GO:0016712,"oxidoreductase activity, acting on paired donors, with incorporation or reduction of molecular oxygen, reduced flavin or flavoprotein as one donor, and incorporation of one atom of oxygen",0.021358668803217306,True,"""Catalysis of an oxidation-reduction (redox) reaction in which hydrogen or electrons are transferred from reduced flavin or flavoprotein and one other donor, and one atom of oxygen is incorporated into one donor."" [EC:1.14.14.-]",38,255,4,21077,0.01568627450980392,0.10526315789473684,query_1,"['GO:0004497', 'GO:0016705']","['ENSDARG00000021172', 'ENSDARG00000101861', 'ENSDARG00000101423', 'ENSDARG00000104593']","[['IBA', 'IEA'], ['IEA'], ['IEA'], ['IEA']]"
GO:MF,GO:0005506,iron ion binding,0.023077572335740718,True,"""Binding to an iron (Fe) ion."" [GOC:ai]",215,255,9,21077,0.03529411764705882,0.04186046511627907,query_1,['GO:0046914'],"['ENSDARG00000021172', 'ENSDARG00000101861', 'ENSDARG00000101423', 'ENSDARG00000025595', 'ENSDARG00000053068', 'ENSDARG00000055240', 'ENSDARG00000104593', 'ENSDARG00000006501', 'ENSDARG00000089177']","[['IEA'], ['IEA'], ['IEA'], ['IEA'], ['IEA'], ['IEA'], ['IEA'], ['IEA'], ['IEA']]"
GO:BP,GO:0009617,response to bacterium,0.026640833794589782,True,"""Any process that results in a change in state or activity of a cell or an organism (in terms of movement, secretion, enzyme production, gene expression, etc.) as a result of a stimulus from a bacterium."" [GOC:hb]",49,151,4,14996,0.026490066225165563,0.08163265306122448,query_1,['GO:0051707'],"['ENSDARG00000016771', 'ENSDARG00000055705', 'ENSDARG00000052207', 'ENSDARG00000102175']","[['IDA', 'IBA'], ['IDA'], ['IDA'], ['IEA']]"
KEGG,KEGG:00983,Drug metabolism - other enzymes,0.028120609443154716,True,Drug metabolism - other enzymes,68,94,5,6524,0.05319148936170213,0.07352941176470588,query_1,['KEGG:00000'],"['ENSDARG00000006220', 'ENSDARG00000055240', 'ENSDARG00000038199', 'ENSDARG00000002394', 'ENSDARG00000043820']","[['KEGG'], ['KEGG'], ['KEGG'], ['KEGG'], ['KEGG']]"
GO:BP,GO:0051179,localization,0.0282596584149486,True,"""Any process in which a cell, a substance, or a cellular entity, such as a protein complex or organelle, is transported, tethered to or otherwise maintained in a specific location. In the case of substances, localization may also be achieved via selective degradation."" [GOC:ai, GOC:dos]",2347,151,38,14996,0.25165562913907286,0.016190881976991905,query_1,['GO:0008150'],"['ENSDARG00000101324', 'ENSDARG00000027355', 'ENSDARG00000016771', 'ENSDARG00000092170', 'ENSDARG00000022767', 'ENSDARG00000012609', 'ENSDARG00000058476', 'ENSDARG00000042780', 'ENSDARG00000092155', 'ENSDARG00000043279', 'ENSDARG00000058953', 'ENSDARG00000075016', 'ENSDARG00000012076', 'ENSDARG00000060496', 'ENSDARG00000070078', 'ENSDARG00000015662', 'ENSDARG00000089310', 'ENSDARG00000040298', 'ENSDARG00000104450', 'ENSDARG00000030872', 'ENSDARG00000026682', 'ENSDARG00000059902', 'ENSDARG00000021573', 'ENSDARG00000075436', 'ENSDARG00000036722', 'ENSDARG00000060345', 'ENSDARG00000020866', 'ENSDARG00000078132', 'ENSDARG00000008948', 'ENSDARG00000102004', 'ENSDARG00000009153', 'ENSDARG00000071159', 'ENSDARG00000009470', 'ENSDARG00000076401', 'ENSDARG00000041848', 'ENSDARG00000094929', 'ENSDARG00000078902', 'ENSDARG00000057098']","[['IEA'], ['IBA', 'IEA'], ['IMP', 'IBA', 'IEA'], ['IBA', 'IEA'], ['IEA'], ['IEA'], ['IDA'], ['IEA'], ['IEA'], ['IEA'], ['IEA'], ['IEA'], ['IEA'], ['IEA'], ['IEA'], ['IEA'], ['IEA'], ['IEA'], ['IBA', 'IEA'], ['IEA'], ['IBA', 'IEA'], ['IEA'], ['IEA'], ['IEA'], ['IEA'], ['IEA'], ['IEA'], ['IEA'], ['IEA'], ['IEA'], ['IEA'], ['IEA'], ['IEA'], ['IBA', 'IEA'], ['IEA'], ['IEA'], ['IEA'], ['IEA']]"
GO:BP,GO:0006082,organic acid metabolic process,0.02868599546966313,True,"""The chemical reactions and pathways involving organic acids, any acidic compound containing carbon in covalent linkage."" [ISBN:0198506732]",270,151,9,14996,0.059602649006622516,0.03333333333333333,query_1,['GO:0044281'],"['ENSDARG00000018351', 'ENSDARG00000042010', 'ENSDARG00000071076', 'ENSDARG00000021172', 'ENSDARG00000058005', 'ENSDARG00000053500', 'ENSDARG00000045414', 'ENSDARG00000101762', 'ENSDARG00000091503']","[['IEA'], ['IEA'], ['IEA'], ['IBA'], ['IBA', 'IEA'], ['IEA'], ['IEA'], ['IEA'], ['IEA']]"
GO:MF,GO:0046872,metal ion binding,0.028940680436391246,True,"""Binding to a metal ion."" [GOC:ai]",2799,255,51,21077,0.2,0.01822079314040729,query_1,['GO:0043169'],"['ENSDARG00000016771', 'ENSDARG00000018351', 'ENSDARG00000010312', 'ENSDARG00000042010', 'ENSDARG00000009549', 'ENSDARG00000071429', 'ENSDARG00000021339', 'ENSDARG00000021172', 'ENSDARG00000053254', 'ENSDARG00000100248', 'ENSDARG00000055705', 'ENSDARG00000104329', 'ENSDARG00000015662', 'ENSDARG00000057498', 'ENSDARG00000101861', 'ENSDARG00000058005', 'ENSDARG00000101423', 'ENSDARG00000075827', 'ENSDARG00000025595', 'ENSDARG00000104450', 'ENSDARG00000068586', 'ENSDARG00000007988', 'ENSDARG00000034862', 'ENSDARG00000070453', 'ENSDARG00000098645', 'ENSDARG00000053068', 'ENSDARG00000097285', 'ENSDARG00000100782', 'ENSDARG00000039116', 'ENSDARG00000002986', 'ENSDARG00000055240', 'ENSDARG00000037425', 'ENSDARG00000038199', 'ENSDARG00000103589', 'ENSDARG00000104593', 'ENSDARG00000008553', 'ENSDARG00000013056', 'ENSDARG00000079980', 'ENSDARG00000096304', 'ENSDARG00000033594', 'ENSDARG00000039687', 'ENSDARG00000041083', 'ENSDARG00000009153', 'ENSDARG00000042293', 'ENSDARG00000006501', 'ENSDARG00000087227', 'ENSDARG00000098952', 'ENSDARG00000089177', 'ENSDARG00000012395', 'ENSDARG00000076250', 'ENSDARG00000075441']","[['IEA'], ['IEA'], ['IEA'], ['IEA'], ['IEA'], ['IEA'], ['IEA'], ['IEA'], ['IEA'], ['IEA'], ['IEA'], ['IEA'], ['IEA'], ['IEA'], ['IEA'], ['IEA'], ['IEA'], ['IEA'], ['IEA'], ['IEA'], ['IEA'], ['IEA'], ['IEA'], ['IBA'], ['IEA'], ['IEA'], ['IBA', 'IEA'], ['IEA'], ['IEA'], ['IEA'], ['IEA'], ['IEA'], ['IEA'], ['IEA'], ['IEA'], ['IEA'], ['IEA'], ['IBA', 'IEA'], ['IEA'], ['IEA'], ['IEA'], ['IEA'], ['IEA'], ['IEA'], ['IEA'], ['IEA'], ['IEA'], ['IEA'], ['IEA'], ['IEA'], ['IEA']]"
GO:BP,GO:0015711,organic anion transport,0.031105217431742042,True,"""The directed movement of organic anions into, out of or within a cell, or between cells, by means of some agent such as a transporter or pore. Organic anions are atoms or small molecules with a negative charge which contain carbon in covalent linkage."" [GOC:ai, GOC:krc]",87,151,5,14996,0.033112582781456956,0.05747126436781609,query_1,['GO:0006810'],"['ENSDARG00000027355', 'ENSDARG00000015662', 'ENSDARG00000021573', 'ENSDARG00000008948', 'ENSDARG00000009153']","[['IEA'], ['IEA'], ['IEA'], ['IEA'], ['IEA']]"
GO:BP,GO:0015908,fatty acid transport,0.03226056514249531,True,"""The directed movement of fatty acids into, out of or within a cell, or between cells, by means of some agent such as a transporter or pore. Fatty acids are aliphatic monocarboxylic acids liberated from naturally occurring fats and oils by hydrolysis."" [GOC:ai]",25,151,3,14996,0.019867549668874173,0.12,query_1,"['GO:0006869', 'GO:0015718']","['ENSDARG00000015662', 'ENSDARG00000008948', 'ENSDARG00000009153']","[['IEA'], ['IEA'], ['IEA']]"
GO:BP,GO:0009396,folic acid-containing compound biosynthetic process,0.03300660231183221,True,"""The chemical reactions and pathways resulting in the formation of folic acid and its derivatives."" [GOC:ai]",7,151,2,14996,0.013245033112582781,0.2857142857142857,query_1,"['GO:0006760', 'GO:0042398', 'GO:0042559']","['ENSDARG00000070453', 'ENSDARG00000068876']","[['IEA'], ['IEA']]"
KEGG,KEGG:00565,Ether lipid metabolism,0.034122138374780814,True,Ether lipid metabolism,45,94,4,6524,0.0425531914893617,0.08888888888888889,query_1,['KEGG:00000'],"['ENSDARG00000015662', 'ENSDARG00000096445', 'ENSDARG00000008948', 'ENSDARG00000009153']","[['KEGG'], ['KEGG'], ['KEGG'], ['KEGG']]"
GO:MF,GO:0043169,cation binding,0.03452784138827768,True,"""Binding to a cation, a charged atom or group of atoms with a net positive charge."" [GOC:jl]",2840,255,51,21077,0.2,0.01795774647887324,query_1,['GO:0043167'],"['ENSDARG00000016771', 'ENSDARG00000018351', 'ENSDARG00000010312', 'ENSDARG00000042010', 'ENSDARG00000009549', 'ENSDARG00000071429', 'ENSDARG00000021339', 'ENSDARG00000021172', 'ENSDARG00000053254', 'ENSDARG00000100248', 'ENSDARG00000055705', 'ENSDARG00000104329', 'ENSDARG00000015662', 'ENSDARG00000057498', 'ENSDARG00000101861', 'ENSDARG00000058005', 'ENSDARG00000101423', 'ENSDARG00000075827', 'ENSDARG00000025595', 'ENSDARG00000104450', 'ENSDARG00000068586', 'ENSDARG00000007988', 'ENSDARG00000034862', 'ENSDARG00000070453', 'ENSDARG00000098645', 'ENSDARG00000053068', 'ENSDARG00000097285', 'ENSDARG00000100782', 'ENSDARG00000039116', 'ENSDARG00000002986', 'ENSDARG00000055240', 'ENSDARG00000037425', 'ENSDARG00000038199', 'ENSDARG00000103589', 'ENSDARG00000104593', 'ENSDARG00000008553', 'ENSDARG00000013056', 'ENSDARG00000079980', 'ENSDARG00000096304', 'ENSDARG00000033594', 'ENSDARG00000039687', 'ENSDARG00000041083', 'ENSDARG00000009153', 'ENSDARG00000042293', 'ENSDARG00000006501', 'ENSDARG00000087227', 'ENSDARG00000098952', 'ENSDARG00000089177', 'ENSDARG00000012395', 'ENSDARG00000076250', 'ENSDARG00000075441']","[['IEA'], ['IEA'], ['IEA'], ['IEA'], ['IEA'], ['IEA'], ['IEA'], ['IEA'], ['IEA'], ['IEA'], ['IEA'], ['IEA'], ['IEA'], ['IEA'], ['IEA'], ['IEA'], ['IEA'], ['IEA'], ['IEA'], ['IEA'], ['IEA'], ['IEA'], ['IEA'], ['IBA'], ['IEA'], ['IEA'], ['IBA', 'IEA'], ['IEA'], ['IEA'], ['IEA'], ['IEA'], ['IEA'], ['IEA'], ['IEA'], ['IEA'], ['IEA'], ['IEA'], ['IBA', 'IEA'], ['IEA'], ['IEA'], ['IEA'], ['IEA'], ['IEA'], ['IEA'], ['IEA'], ['IEA'], ['IEA'], ['IEA'], ['IEA'], ['IEA'], ['IEA']]"
GO:MF,GO:0004175,endopeptidase activity,0.03452784138827768,True,"""Catalysis of the hydrolysis of internal, alpha-peptide bonds in a polypeptide chain."" [http://merops.sanger.ac.uk/about/glossary.htm#ENDOPEPTIDASE]",478,255,14,21077,0.054901960784313725,0.029288702928870293,query_1,['GO:0008233'],"['ENSDARG00000023111', 'ENSDARG00000055278', 'ENSDARG00000100248', 'ENSDARG00000057498', 'ENSDARG00000019772', 'ENSDARG00000099425', 'ENSDARG00000075827', 'ENSDARG00000103308', 'ENSDARG00000019451', 'ENSDARG00000007988', 'ENSDARG00000034862', 'ENSDARG00000100782', 'ENSDARG00000008553', 'ENSDARG00000012395']","[['IEA'], ['IEA'], ['IEA'], ['IBA', 'IEA'], ['IEA'], ['IEA'], ['IEA'], ['IEA'], ['IEA'], ['IEA'], ['IEA'], ['IEA'], ['IBA', 'IEA'], ['IEA']]"
GO:MF,GO:0008289,lipid binding,0.03452784138827768,True,"""Binding to a lipid."" [GOC:ai]",377,255,12,21077,0.047058823529411764,0.03183023872679045,query_1,['GO:0005488'],"['ENSDARG00000101324', 'ENSDARG00000092170', 'ENSDARG00000038439', 'ENSDARG00000012076', 'ENSDARG00000089310', 'ENSDARG00000040298', 'ENSDARG00000030872', 'ENSDARG00000060345', 'ENSDARG00000020866', 'ENSDARG00000078132', 'ENSDARG00000102004', 'ENSDARG00000094929']","[['IEA'], ['IBA'], ['IEA'], ['IEA'], ['IBA', 'IEA'], ['IEA'], ['IEA'], ['IEA'], ['IEA'], ['IBA', 'IEA'], ['IEA'], ['IEA']]"
GO:BP,GO:0009072,aromatic amino acid metabolic process,0.03466069371899138,True,"""The chemical reactions and pathways involving aromatic amino acid family, amino acids with aromatic ring (phenylalanine, tyrosine, tryptophan)."" [GOC:go_curators]",26,151,3,14996,0.019867549668874173,0.11538461538461539,query_1,"['GO:0006520', 'GO:0019752']","['ENSDARG00000018351', 'ENSDARG00000058005', 'ENSDARG00000101762']","[['IEA'], ['IBA', 'IEA'], ['IEA']]"
KEGG,KEGG:00790,Folate biosynthesis,0.038096279318418344,True,Folate biosynthesis,24,94,3,6524,0.031914893617021274,0.125,query_1,['KEGG:00000'],"['ENSDARG00000040190', 'ENSDARG00000070453', 'ENSDARG00000068876']","[['KEGG'], ['KEGG'], ['KEGG']]"
GO:BP,GO:0050818,regulation of coagulation,0.04189679685998717,True,"""Any process that modulates the frequency, rate or extent of coagulation, the process in which a fluid solution, or part of it, changes into a solid or semisolid mass."" [GOC:ai]",8,151,2,14996,0.013245033112582781,0.25,query_1,"['GO:0050817', 'GO:0051239']","['ENSDARG00000061383', 'ENSDARG00000076448']","[['IEA'], ['IBA']]"
GO:BP,GO:0042398,modified amino acid biosynthetic process,0.04570446268778633,True,"""The chemical reactions and pathways resulting in the formation of compounds derived from amino acids, organic acids containing one or more amino substituents."" [GOC:ai]",29,151,3,14996,0.019867549668874173,0.10344827586206896,query_1,"['GO:0006575', 'GO:0009058']","['ENSDARG00000070453', 'ENSDARG00000068876', 'ENSDARG00000016598']","[['IEA'], ['IEA'], ['IEA']]"
GO:BP,GO:0051707,response to other organism,0.0457221433375543,True,"""Any process that results in a change in state or activity of a cell or an organism (in terms of movement, secretion, enzyme production, gene expression, etc.) as a result of a stimulus from another living organism."" [GOC:ai]",142,151,6,14996,0.039735099337748346,0.04225352112676056,query_1,"['GO:0043207', 'GO:0044419']","['ENSDARG00000016771', 'ENSDARG00000055705', 'ENSDARG00000052207', 'ENSDARG00000070453', 'ENSDARG00000102175', 'ENSDARG00000096304']","[['IDA', 'IBA'], ['IDA'], ['IDA'], ['IMP'], ['IEA'], ['IBA']]"
GO:BP,GO:0043207,response to external biotic stimulus,0.0457221433375543,True,"""Any process that results in a change in state or activity of a cell or an organism (in terms of movement, secretion, enzyme production, gene expression, etc.) as a result of an external biotic stimulus, an external stimulus caused by, or produced by living things."" [GOC:go_curators]",142,151,6,14996,0.039735099337748346,0.04225352112676056,query_1,"['GO:0009605', 'GO:0009607']","['ENSDARG00000016771', 'ENSDARG00000055705', 'ENSDARG00000052207', 'ENSDARG00000070453', 'ENSDARG00000102175', 'ENSDARG00000096304']","[['IDA', 'IBA'], ['IDA'], ['IDA'], ['IMP'], ['IEA'], ['IBA']]"
GO:MF,GO:0004497,monooxygenase activity,0.04615697998151862,True,"""Catalysis of the incorporation of one atom of molecular oxygen (O2) into the substrate and the reduction of the other atom of O2 to water."" [PMID:1444267]",159,255,7,21077,0.027450980392156862,0.0440251572327044,query_1,['GO:0016491'],"['ENSDARG00000021172', 'ENSDARG00000101861', 'ENSDARG00000101423', 'ENSDARG00000053068', 'ENSDARG00000104593', 'ENSDARG00000006501', 'ENSDARG00000089177']","[['IBA', 'IEA'], ['IEA'], ['IEA'], ['IEA'], ['IEA'], ['IEA'], ['IEA']]"
GO:MF,GO:0005178,integrin binding,0.04615697998151862,True,"""Binding to an integrin."" [GOC:ceb]",25,255,3,21077,0.011764705882352941,0.12,query_1,"['GO:0005102', 'GO:0044877', 'GO:0050839']","['ENSDARG00000062688', 'ENSDARG00000022689', 'ENSDARG00000078180']","[['IBA'], ['IBA'], ['IEA']]"
GO:BP,GO:0006641,triglyceride metabolic process,0.0467014964432686,True,"""The chemical reactions and pathways involving triglyceride, any triester of glycerol. The three fatty acid residues may all be the same or differ in any permutation. Triglycerides are important components of plant oils, animal fats and animal plasma lipoproteins."" [ISBN:0198506732]",9,151,2,14996,0.013245033112582781,0.2222222222222222,query_1,['GO:0006639'],"['ENSDARG00000092170', 'ENSDARG00000003635']","[['IBA'], ['IBA']]"
GO:BP,GO:0030168,platelet activation,0.0467014964432686,True,"""A series of progressive, overlapping events triggered by exposure of the platelets to subendothelial tissue. These events include shape change, adhesiveness, aggregation, and release reactions. When carried through to completion, these events lead to the formation of a stable hemostatic plug."" [PMID:27403440]",9,151,2,14996,0.013245033112582781,0.2222222222222222,query_1,"['GO:0001775', 'GO:0007596']","['ENSDARG00000020741', 'ENSDARG00000008969']","[['IEA'], ['IEA']]"
GO:BP,GO:0006144,purine nucleobase metabolic process,0.0467014964432686,True,"""The chemical reactions and pathways involving purine nucleobases, one of the two classes of nitrogen-containing ring compounds found in DNA and RNA, which include adenine and guanine."" [GOC:go_curators]",9,151,2,14996,0.013245033112582781,0.2222222222222222,query_1,"['GO:0009112', 'GO:0072521']","['ENSDARG00000002986', 'ENSDARG00000055240']","[['IEA'], ['IBA']]"
GO:BP,GO:0009607,response to biotic stimulus,0.0467014964432686,True,"""Any process that results in a change in state or activity of a cell or an organism (in terms of movement, secretion, enzyme production, gene expression, etc.) as a result of a biotic stimulus, a stimulus caused or produced by a living organism."" [GOC:hb]",144,151,6,14996,0.039735099337748346,0.041666666666666664,query_1,['GO:0050896'],"['ENSDARG00000016771', 'ENSDARG00000055705', 'ENSDARG00000052207', 'ENSDARG00000070453', 'ENSDARG00000102175', 'ENSDARG00000096304']","[['IDA', 'IBA'], ['IDA'], ['IDA'], ['IMP'], ['IEA'], ['IBA']]"
GO:MF,GO:0016705,"oxidoreductase activity, acting on paired donors, with incorporation or reduction of molecular oxygen",0.046947173625407124,True,"""Catalysis of an oxidation-reduction (redox) reaction in which hydrogen or electrons are transferred from each of two donors, and molecular oxygen is reduced or incorporated into a donor."" [EC:1.14.-.-]",204,255,8,21077,0.03137254901960784,0.0392156862745098,query_1,['GO:0016491'],"['ENSDARG00000021172', 'ENSDARG00000101861', 'ENSDARG00000101423', 'ENSDARG00000053068', 'ENSDARG00000104593', 'ENSDARG00000091503', 'ENSDARG00000006501', 'ENSDARG00000089177']","[['IBA', 'IEA'], ['IEA'], ['IEA'], ['IEA'], ['IEA'], ['IBA'], ['IEA'], ['IEA']]"
GO:BP,GO:0044419,biological process involved in interspecies interaction between organisms,0.04762827061907513,True,"""Any process evolved to enable an interaction with an organism of a different species."" [GOC:cc]",146,151,6,14996,0.039735099337748346,0.0410958904109589,query_1,['GO:0008150'],"['ENSDARG00000016771', 'ENSDARG00000055705', 'ENSDARG00000052207', 'ENSDARG00000070453', 'ENSDARG00000102175', 'ENSDARG00000096304']","[['IDA', 'IBA'], ['IDA'], ['IDA'], ['IMP'], ['IEA'], ['IBA']]"
GO:BP,GO:0010817,regulation of hormone levels,0.04762827061907513,True,"""Any process that modulates the levels of hormone within an organism or a tissue. A hormone is any substance formed in very small amounts in one specialized organ or group of cells and carried (sometimes in the bloodstream) to another organ or group of cells in the same organism, upon which it has a specific regulatory action."" [GOC:BHF, GOC:dph, GOC:tb]",31,151,3,14996,0.019867549668874173,0.0967741935483871,query_1,['GO:0065008'],"['ENSDARG00000070140', 'ENSDARG00000009470', 'ENSDARG00000057098']","[['IBA'], ['IEA'], ['IEA']]"
KEGG,KEGG:00350,Tyrosine metabolism,0.04891978659468906,True,Tyrosine metabolism,27,94,3,6524,0.031914893617021274,0.1111111111111111,query_1,['KEGG:00000'],"['ENSDARG00000018351', 'ENSDARG00000058005', 'ENSDARG00000101762']","[['KEGG'], ['KEGG'], ['KEGG']]"
